# Shyland V24.1 fight-cost survey dataset (#180) — commit ead50f5, RNG seed 180, N=10000 trials per row
encounter_id,kind,tier,members,rooms,encounter_level,player_level,is_at_level,scenario,n_trials,n_resolved,unwinnable_fraction,vitality_max,draught_heal,hp_loss_mean,hp_loss_std,hp_loss_p10,hp_loss_p90,hp_loss_frac_mean,rounds_mean,rounds_std,p_death_unhealed,draughts_per_fight,draught_cost_cp,potions_to_win,potions_to_win_flat25,hit_pct_mc
solo:black-bear,solo,normal,black-bear,,2,2,True,headline,10000,10000,0.0,368,74,5.1671,8.400594,0.0,18.0,0.014041,1.7139,1.036941,0.0,0.069826,1.047385,0,0,0.557442
solo:black-bear,solo,normal,black-bear,,2,2,True,bare,10000,10000,0.0,168,34,6.3629,10.151325,0.0,22.0,0.037874,1.7012,0.998959,0.0,0.187144,2.807162,0,0,0.561133
solo:black-bear,solo,normal,black-bear,,2,2,True,common-weapon,10000,10000,0.0,368,74,5.5357,8.651169,0.0,19.0,0.015043,1.7292,1.037626,0.0,0.074807,1.122101,0,0,0.551932
solo:black-bear,solo,normal,black-bear,,2,5,False,headline,10000,10000,0.0,404,81,0.07,0.741283,0.0,0.0,0.000173,1.0376,0.190227,0.0,0.000864,0.012963,0,0,0.962221
solo:black-bear,solo,normal,black-bear,,2,5,False,bare,10000,10000,0.0,204,41,0.0861,0.926869,0.0,0.0,0.000422,1.0348,0.183273,0.0,0.0021,0.0315,0,0,0.965114
solo:black-bear,solo,normal,black-bear,,2,5,False,common-weapon,10000,10000,0.0,404,81,0.1045,0.891504,0.0,0.0,0.000259,1.0551,0.228175,0.0,0.00129,0.019352,0,0,0.945029
solo:black-bear,solo,normal,black-bear,,2,10,False,headline,10000,10000,0.0,468,94,0.0,0.0,0.0,0.0,0.0,1.0,0.0,0.0,0.0,0.0,0,0,1.0
solo:black-bear,solo,normal,black-bear,,2,10,False,bare,10000,10000,0.0,268,54,0.0,0.0,0.0,0.0,0.0,1.0,0.0,0.0,0.0,0.0,0,0,1.0
solo:black-bear,solo,normal,black-bear,,2,10,False,common-weapon,10000,10000,0.0,468,94,0.0,0.0,0.0,0.0,0.0,1.0,0.0,0.0,0.0,0.0,0,0,1.0
solo:brown-bear,solo,elite,brown-bear,,7,5,False,headline,10000,10000,0.0,404,81,285.9944,130.973086,139.0,460.0,0.707907,10.8961,4.88421,0.1703,3.530795,52.961926,0,0,0.212342
solo:brown-bear,solo,elite,brown-bear,,7,5,False,bare,10000,10000,0.0,204,41,351.9608,161.75329,170.0,569.0,1.725298,10.88,4.883032,0.8246,8.58441,128.766146,5,8,0.212877
solo:brown-bear,solo,elite,brown-bear,,7,5,False,common-weapon,10000,10000,0.0,404,81,302.2384,134.839625,148.0,481.0,0.748115,11.4016,4.999832,0.2053,3.731338,55.970074,0,0,0.200524
solo:brown-bear,solo,elite,brown-bear,,7,7,True,headline,10000,10000,0.0,429,86,101.7608,48.70819,49.0,165.0,0.237205,5.2399,2.034293,0.0,1.183265,17.748977,0,0,0.456173
solo:brown-bear,solo,elite,brown-bear,,7,7,True,bare,10000,10000,0.0,229,46,124.4051,59.532017,58.0,204.0,0.543254,5.2044,2.020401,0.0577,2.704459,40.56688,0,0,0.461494
solo:brown-bear,solo,elite,brown-bear,,7,7,True,common-weapon,10000,10000,0.0,429,86,107.5455,49.960253,52.0,174.0,0.250689,5.4355,2.099771,0.0001,1.250529,18.757936,0,0,0.45098
solo:brown-bear,solo,elite,brown-bear,,7,10,False,headline,10000,10000,0.0,468,94,28.7148,21.965137,0.0,58.0,0.061356,2.9816,0.606021,0.0,0.305477,4.582149,0,0,0.813825
solo:brown-bear,solo,elite,brown-bear,,7,10,False,bare,10000,10000,0.0,268,54,35.7729,27.212768,0.0,72.0,0.133481,2.997,0.613181,0.0,0.662461,9.936917,0,0,0.813213
solo:brown-bear,solo,elite,brown-bear,,7,10,False,common-weapon,10000,10000,0.0,468,94,30.9181,22.478901,0.0,60.0,0.066064,3.065,0.622555,0.0,0.328916,4.933739,0,0,0.797553
solo:buffalo,solo,elite,buffalo,,5,5,True,headline,10000,10000,0.0,404,81,60.5359,33.811792,22.0,106.0,0.149841,3.9918,1.827877,0.0,0.747357,11.210352,0,0,0.46335
solo:buffalo,solo,elite,buffalo,,5,5,True,bare,10000,10000,0.0,204,41,74.3969,40.612833,28.0,128.0,0.364691,4.0042,1.798328,0.0098,1.814559,27.218378,0,0,0.460716
solo:buffalo,solo,elite,buffalo,,5,5,True,common-weapon,10000,10000,0.0,404,81,63.8177,35.487168,24.0,110.0,0.157965,4.1149,1.8891,0.0,0.787873,11.818093,0,0,0.455078
solo:buffalo,solo,elite,buffalo,,5,10,False,headline,10000,10000,0.0,468,94,2.8626,6.130768,0.0,11.0,0.006117,1.8873,0.316226,0.0,0.030453,0.456798,0,0,1.0
solo:buffalo,solo,elite,buffalo,,5,10,False,bare,10000,10000,0.0,268,54,3.61,7.620426,0.0,14.0,0.01347,1.8848,0.319263,0.0,0.066852,1.002778,0,0,1.0
solo:buffalo,solo,elite,buffalo,,5,10,False,common-weapon,10000,10000,0.0,468,94,3.4385,6.729162,0.0,11.0,0.007347,1.9088,0.287893,0.0,0.03658,0.548697,0,0,1.0
solo:cave-beetle,solo,normal,cave-beetle,,3,3,True,headline,10000,10000,0.0,379,76,12.3081,10.431077,0.0,25.0,0.032475,1.7979,1.050074,0.0,0.161949,2.42923,0,0,0.559709
solo:cave-beetle,solo,normal,cave-beetle,,3,3,True,bare,10000,10000,0.0,179,36,15.2284,13.081844,0.0,31.0,0.085075,1.8033,1.062925,0.0,0.423011,6.345167,0,0,0.559086
solo:cave-beetle,solo,normal,cave-beetle,,3,3,True,common-weapon,10000,10000,0.0,379,76,13.8876,11.445225,0.0,28.0,0.036643,1.9524,1.177852,0.0,0.182732,2.740974,0,0,0.546609
solo:cave-beetle,solo,normal,cave-beetle,,3,5,False,headline,10000,10000,0.0,404,81,4.6052,5.707042,0.0,13.0,0.011399,1.1932,0.433905,0.0,0.056854,0.852815,0,0,0.818304
solo:cave-beetle,solo,normal,cave-beetle,,3,5,False,bare,10000,10000,0.0,204,41,5.6081,7.042678,0.0,16.0,0.027491,1.2027,0.434756,0.0,0.136783,2.051744,0,0,0.811092
solo:cave-beetle,solo,normal,cave-beetle,,3,5,False,common-weapon,10000,10000,0.0,404,81,4.9291,5.925477,0.0,13.0,0.012201,1.2231,0.462306,0.0,0.060853,0.912796,0,0,0.796991
solo:cave-beetle,solo,normal,cave-beetle,,3,10,False,headline,10000,10000,0.0,468,94,0.0,0.0,0.0,0.0,0.0,1.0,0.0,0.0,0.0,0.0,0,0,1.0
solo:cave-beetle,solo,normal,cave-beetle,,3,10,False,bare,10000,10000,0.0,268,54,0.0,0.0,0.0,0.0,0.0,1.0,0.0,0.0,0.0,0.0,0,0,1.0
solo:cave-beetle,solo,normal,cave-beetle,,3,10,False,common-weapon,10000,10000,0.0,468,94,0.0,0.0,0.0,0.0,0.0,1.0,0.0,0.0,0.0,0.0,0,0,1.0
solo:cave-centipede,solo,normal,cave-centipede,,3,3,True,headline,10000,10000,0.0,379,76,10.9514,9.360515,0.0,23.0,0.028896,1.6853,0.987858,0.0,0.144097,2.161461,0,0,0.568207
solo:cave-centipede,solo,normal,cave-centipede,,3,3,True,bare,10000,10000,0.0,179,36,13.6616,11.577084,0.0,28.0,0.076322,1.7176,1.017669,0.0,0.379489,5.692333,0,0,0.556998
solo:cave-centipede,solo,normal,cave-centipede,,3,3,True,common-weapon,10000,10000,0.0,379,76,11.577,9.780402,0.0,24.0,0.030546,1.7232,1.034882,0.0,0.152329,2.284934,0,0,0.554666
solo:cave-centipede,solo,normal,cave-centipede,,3,5,False,headline,10000,10000,0.0,404,81,4.3499,5.384131,0.0,12.0,0.010767,1.2069,0.441466,0.0,0.053702,0.805537,0,0,0.809181
solo:cave-centipede,solo,normal,cave-centipede,,3,5,False,bare,10000,10000,0.0,204,41,5.2571,6.474751,0.0,15.0,0.02577,1.2007,0.429208,0.0,0.128222,1.923329,0,0,0.811027
solo:cave-centipede,solo,normal,cave-centipede,,3,5,False,common-weapon,10000,10000,0.0,404,81,4.7127,5.590703,0.0,12.0,0.011665,1.2253,0.464693,0.0,0.058181,0.872722,0,0,0.793683
solo:cave-centipede,solo,normal,cave-centipede,,3,10,False,headline,10000,10000,0.0,468,94,0.0,0.0,0.0,0.0,0.0,1.0,0.0,0.0,0.0,0.0,0,0,1.0
solo:cave-centipede,solo,normal,cave-centipede,,3,10,False,bare,10000,10000,0.0,268,54,0.0,0.0,0.0,0.0,0.0,1.0,0.0,0.0,0.0,0.0,0,0,1.0
solo:cave-centipede,solo,normal,cave-centipede,,3,10,False,common-weapon,10000,10000,0.0,468,94,0.0,0.0,0.0,0.0,0.0,1.0,0.0,0.0,0.0,0.0,0,0,1.0
solo:cave-spider,solo,normal,cave-spider,,2,2,True,headline,10000,10000,0.0,368,74,6.5563,5.809185,0.0,14.0,0.017816,1.6972,0.999556,0.0,0.088599,1.32898,0,0,0.563045
solo:cave-spider,solo,normal,cave-spider,,2,2,True,bare,10000,10000,0.0,168,34,8.3277,7.30035,0.0,18.0,0.04957,1.7234,1.042158,0.0,0.244932,3.673985,0,0,0.555356
solo:cave-spider,solo,normal,cave-spider,,2,2,True,common-weapon,10000,10000,0.0,368,74,7.1215,6.107056,0.0,15.0,0.019352,1.7416,1.062464,0.0,0.096236,1.443547,0,0,0.547944
solo:cave-spider,solo,normal,cave-spider,,2,5,False,headline,10000,10000,0.0,404,81,1.3677,2.477801,0.0,6.0,0.003385,1.0245,0.154595,0.0,0.016885,0.253278,0,0,0.959883
solo:cave-spider,solo,normal,cave-spider,,2,5,False,bare,10000,10000,0.0,204,41,1.708,3.045708,0.0,7.0,0.008373,1.0213,0.144383,0.0,0.041659,0.624878,0,0,0.960638
solo:cave-spider,solo,normal,cave-spider,,2,5,False,common-weapon,10000,10000,0.0,404,81,1.5633,2.654203,0.0,7.0,0.00387,1.0345,0.18251,0.0,0.0193,0.2895,0,0,0.949638
solo:cave-spider,solo,normal,cave-spider,,2,10,False,headline,10000,10000,0.0,468,94,0.0,0.0,0.0,0.0,0.0,1.0,0.0,0.0,0.0,0.0,0,0,1.0
solo:cave-spider,solo,normal,cave-spider,,2,10,False,bare,10000,10000,0.0,268,54,0.0,0.0,0.0,0.0,0.0,1.0,0.0,0.0,0.0,0.0,0,0,1.0
solo:cave-spider,solo,normal,cave-spider,,2,10,False,common-weapon,10000,10000,0.0,468,94,0.0,0.0,0.0,0.0,0.0,1.0,0.0,0.0,0.0,0.0,0,0,1.0
solo:chittering-king,solo,boss,chittering-king,,9,5,False,headline,10000,10000,0.0,404,81,2325.6098,807.525929,1368.0,3408.0,5.75646,89.2855,30.869017,1.0,28.711232,430.668481,25,81,0.0
solo:chittering-king,solo,boss,chittering-king,,9,5,False,bare,10000,10000,0.0,204,41,2874.7777,1002.595924,1682.0,4214.0,14.092048,89.7569,31.169652,1.0,70.116529,1051.747939,67,109,0.0
solo:chittering-king,solo,boss,chittering-king,,9,5,False,common-weapon,10000,10000,0.0,404,81,2589.4974,789.555087,1641.0,3633.0,6.409647,99.3197,30.223181,1.0,31.969104,479.536556,29,92,0.0
solo:chittering-king,solo,boss,chittering-king,,9,9,True,headline,10000,10000,0.0,454,91,134.696,53.095226,73.0,205.0,0.296687,7.7014,2.458503,0.0001,1.480176,22.202637,0,0,0.459774
solo:chittering-king,solo,boss,chittering-king,,9,9,True,bare,10000,10000,0.0,254,51,165.5974,65.316682,90.0,253.0,0.651958,7.706,2.501512,0.0989,3.247008,48.705118,0,0,0.460135
solo:chittering-king,solo,boss,chittering-king,,9,9,True,common-weapon,10000,10000,0.0,454,91,141.7182,55.104248,77.0,215.0,0.312155,7.8965,2.590094,0.0,1.557343,23.360143,0,0,0.448123
solo:chittering-king,solo,boss,chittering-king,,9,10,False,headline,10000,10000,0.0,468,94,93.8734,40.548657,46.0,148.0,0.200584,6.3049,1.86224,0.0,0.998653,14.979798,0,0,0.561056
solo:chittering-king,solo,boss,chittering-king,,9,10,False,bare,10000,10000,0.0,268,54,115.5512,49.082889,57.0,179.0,0.431161,6.3202,1.856037,0.0068,2.139837,32.097556,0,0,0.559951
solo:chittering-king,solo,boss,chittering-king,,9,10,False,common-weapon,10000,10000,0.0,468,94,99.8019,41.217774,50.0,155.0,0.213252,6.5451,1.914828,0.0,1.061722,15.925835,0,0,0.548914
solo:crowned-devourer,solo,boss,crowned-devourer,,10,5,False,headline,10000,2497,0.7503,404,81,7153.953144,2015.080944,4720.0,9879.0,17.707805,240.388867,67.602703,1.0,88.320409,1324.806138,85,275,0.0
solo:crowned-devourer,solo,boss,crowned-devourer,,10,5,False,bare,10000,2526,0.7474,204,41,8784.972288,2428.302454,5858.0,11963.0,43.06359,240.386778,66.446262,1.0,214.267617,3214.014252,211,346,0.0
solo:crowned-devourer,solo,boss,crowned-devourer,,10,5,False,common-weapon,10000,0,1.0,404,,,,,,,,,,,,,,
solo:crowned-devourer,solo,boss,crowned-devourer,,10,10,True,headline,10000,10000,0.0,468,94,182.9565,66.084649,106.0,270.0,0.390933,9.1958,2.711026,0.0007,1.946346,29.195186,0,0,0.463842
solo:crowned-devourer,solo,boss,crowned-devourer,,10,10,True,bare,10000,10000,0.0,268,54,227.4442,82.725918,131.0,338.0,0.848672,9.2736,2.775057,0.2762,4.21193,63.178944,1,2,0.459023
solo:crowned-devourer,solo,boss,crowned-devourer,,10,10,True,common-weapon,10000,10000,0.0,468,94,194.6548,68.655344,114.0,286.0,0.415929,9.577,2.819587,0.0018,2.070796,31.061936,0,0,0.452386
solo:devourers-drones,solo,elite,devourers-drones,,9,5,False,headline,10000,10000,0.0,404,81,696.3044,397.007406,268.0,1232.0,1.723526,28.629,16.264678,0.749,8.596351,128.945259,5,16,0.0
solo:devourers-drones,solo,elite,devourers-drones,,9,5,False,bare,10000,10000,0.0,204,41,853.5892,491.945801,327.0,1521.0,4.184261,28.5884,16.439373,0.9724,20.819249,312.288732,18,29,0.0
solo:devourers-drones,solo,elite,devourers-drones,,9,5,False,common-weapon,10000,10000,0.0,404,81,801.751,437.433869,320.0,1390.0,1.984532,32.9262,17.947026,0.8242,9.89816,148.472407,7,20,0.0
solo:devourers-drones,solo,elite,devourers-drones,,9,9,True,headline,10000,10000,0.0,454,91,53.9635,31.156896,20.0,94.0,0.118862,3.291,1.526866,0.0,0.593005,8.895082,0,0,0.464145
solo:devourers-drones,solo,elite,devourers-drones,,9,9,True,bare,10000,10000,0.0,254,51,66.5196,38.557173,25.0,117.0,0.261888,3.317,1.562534,0.0011,1.304306,19.564588,0,0,0.460235
solo:devourers-drones,solo,elite,devourers-drones,,9,9,True,common-weapon,10000,10000,0.0,454,91,56.7629,32.333628,21.0,98.0,0.125028,3.3991,1.607986,0.0,0.623768,9.356522,0,0,0.4455
solo:devourers-drones,solo,elite,devourers-drones,,9,10,False,headline,10000,10000,0.0,468,94,38.8584,23.797692,11.0,70.0,0.083031,2.8176,1.140934,0.0,0.413387,6.200809,0,0,0.561045
solo:devourers-drones,solo,elite,devourers-drones,,9,10,False,bare,10000,10000,0.0,268,54,48.4299,29.747744,13.0,87.0,0.180709,2.8118,1.146988,0.0,0.89685,13.45275,0,0,0.561669
solo:devourers-drones,solo,elite,devourers-drones,,9,10,False,common-weapon,10000,10000,0.0,468,94,41.2265,24.491586,12.0,73.0,0.088091,2.8815,1.187122,0.0,0.43858,6.578697,0,0,0.544404
solo:dronemother,solo,boss,dronemother,,6,5,False,headline,10000,10000,0.0,404,81,261.1998,86.266051,160.0,377.0,0.646534,12.9268,3.831245,0.0666,3.224689,48.370333,0,0,0.364019
solo:dronemother,solo,boss,dronemother,,6,5,False,bare,10000,10000,0.0,204,41,321.9001,107.30475,195.0,464.0,1.577942,12.9872,3.873324,0.8797,7.851222,117.768329,5,7,0.362095
solo:dronemother,solo,boss,dronemother,,6,5,False,common-weapon,10000,10000,0.0,404,81,279.7337,91.161162,172.0,401.0,0.69241,13.6001,4.086145,0.0969,3.453502,51.802537,0,0,0.349078
solo:dronemother,solo,boss,dronemother,,6,6,True,headline,10000,10000,0.0,418,84,176.4459,61.005566,104.0,258.0,0.422119,10.0714,2.803445,0.0014,2.100546,31.508196,0,0,0.462319
solo:dronemother,solo,boss,dronemother,,6,6,True,bare,10000,10000,0.0,218,44,218.8824,75.226463,130.0,320.0,1.004048,10.1227,2.847498,0.4642,4.9746,74.619,2,3,0.459117
solo:dronemother,solo,boss,dronemother,,6,6,True,common-weapon,10000,10000,0.0,418,84,188.8165,62.419108,115.0,272.0,0.451714,10.5014,2.911563,0.0019,2.247815,33.717232,0,0,0.451635
solo:dronemother,solo,boss,dronemother,,6,10,False,headline,10000,10000,0.0,468,94,22.6811,19.279103,0.0,49.0,0.048464,4.6199,0.51655,0.0,0.241288,3.619324,0,0,0.963268
solo:dronemother,solo,boss,dronemother,,6,10,False,bare,10000,10000,0.0,268,54,28.0505,23.686907,0.0,60.0,0.104666,4.6187,0.518566,0.0,0.519454,7.791806,0,0,0.961483
solo:dronemother,solo,boss,dronemother,,6,10,False,common-weapon,10000,10000,0.0,468,94,25.2713,20.019498,0.0,52.0,0.053999,4.6653,0.512129,0.0,0.268844,4.032654,0,0,0.949564
solo:dronemothers-swarm,solo,normal,dronemothers-swarm,,4,4,True,headline,10000,10000,0.0,393,79,35.6509,20.81685,14.0,62.0,0.090715,3.0293,1.306844,0.0,0.451277,6.769158,0,0,0.515036
solo:dronemothers-swarm,solo,normal,dronemothers-swarm,,4,4,True,bare,10000,10000,0.0,193,39,43.8759,26.020982,17.0,77.0,0.227336,3.0323,1.31562,0.0004,1.125023,16.875346,0,0,0.510965
solo:dronemothers-swarm,solo,normal,dronemothers-swarm,,4,4,True,common-weapon,10000,10000,0.0,393,79,37.2959,21.662589,15.0,65.0,0.094901,3.0906,1.3572,0.0,0.4721,7.0815,0,0,0.499968
solo:dronemothers-swarm,solo,normal,dronemothers-swarm,,4,5,False,headline,10000,10000,0.0,404,81,21.3575,15.343269,0.0,40.0,0.052865,2.4296,0.854543,0.0,0.263673,3.955093,0,0,0.663895
solo:dronemothers-swarm,solo,normal,dronemothers-swarm,,4,5,False,bare,10000,10000,0.0,204,41,26.5701,18.995154,0.0,50.0,0.130246,2.4441,0.856315,0.0,0.648051,9.720768,0,0,0.655661
solo:dronemothers-swarm,solo,normal,dronemothers-swarm,,4,5,False,common-weapon,10000,10000,0.0,404,81,22.5236,15.678311,0.0,41.0,0.055751,2.4635,0.863057,0.0,0.278069,4.171037,0,0,0.651715
solo:dronemothers-swarm,solo,normal,dronemothers-swarm,,4,10,False,headline,10000,10000,0.0,468,94,0.0,0.0,0.0,0.0,0.0,1.2358,0.424498,0.0,0.0,0.0,0,0,1.0
solo:dronemothers-swarm,solo,normal,dronemothers-swarm,,4,10,False,bare,10000,10000,0.0,268,54,0.0,0.0,0.0,0.0,0.0,1.2253,0.41778,0.0,0.0,0.0,0,0,1.0
solo:dronemothers-swarm,solo,normal,dronemothers-swarm,,4,10,False,common-weapon,10000,10000,0.0,468,94,0.0,0.0,0.0,0.0,0.0,1.3044,0.460153,0.0,0.0,0.0,0,0,1.0
solo:elder-cave-beetle,solo,elite,elder-cave-beetle,,9,5,False,headline,10000,10000,0.0,404,81,1508.6393,686.604567,731.0,2441.0,3.734256,45.5731,20.649471,0.9928,18.625177,279.377648,15,49,0.0
solo:elder-cave-beetle,solo,elite,elder-cave-beetle,,9,5,False,bare,10000,10000,0.0,204,41,1889.0116,866.595251,912.0,3060.0,9.259861,46.4053,21.214321,1.0,46.073454,691.101805,43,70,0.0
solo:elder-cave-beetle,solo,elite,elder-cave-beetle,,9,5,False,common-weapon,10000,10000,0.0,404,81,1659.2834,706.593325,853.0,2600.0,4.107137,50.1095,21.286538,0.9971,20.48498,307.274704,17,55,0.0
solo:elder-cave-beetle,solo,elite,elder-cave-beetle,,9,9,True,headline,10000,10000,0.0,454,91,89.7744,50.013911,33.0,156.0,0.197741,4.0208,1.836292,0.0,0.986532,14.797978,0,0,0.459212
solo:elder-cave-beetle,solo,elite,elder-cave-beetle,,9,9,True,bare,10000,10000,0.0,254,51,109.5573,61.346215,40.0,191.0,0.431328,3.994,1.853905,0.0282,2.148182,32.222735,0,0,0.462944
solo:elder-cave-beetle,solo,elite,elder-cave-beetle,,9,9,True,common-weapon,10000,10000,0.0,454,91,94.1237,51.36512,35.0,161.0,0.207321,4.1343,1.885488,0.0,1.034326,15.514896,0,0,0.449967
solo:elder-cave-beetle,solo,elite,elder-cave-beetle,,9,10,False,headline,10000,10000,0.0,468,94,63.7433,37.432815,24.0,111.0,0.136204,3.3349,1.375406,0.0,0.67812,10.171803,0,0,0.559027
solo:elder-cave-beetle,solo,elite,elder-cave-beetle,,9,10,False,bare,10000,10000,0.0,268,54,77.4494,45.707763,30.0,138.0,0.28899,3.326,1.347414,0.0022,1.434248,21.513722,0,0,0.561004
solo:elder-cave-beetle,solo,elite,elder-cave-beetle,,9,10,False,common-weapon,10000,10000,0.0,468,94,65.696,37.857131,26.0,116.0,0.140376,3.3897,1.394143,0.0,0.698894,10.483404,0,0,0.550314
solo:elder-cave-centipede,solo,elite,elder-cave-centipede,,8,5,False,headline,10000,10000,0.0,404,81,560.0038,289.834178,235.0,951.0,1.386148,18.5632,9.552487,0.6619,6.913627,103.704407,4,11,0.059322
solo:elder-cave-centipede,solo,elite,elder-cave-centipede,,8,5,False,bare,10000,10000,0.0,204,41,685.8946,356.478511,283.0,1172.0,3.362228,18.5032,9.568207,0.9608,16.729137,250.937049,13,22,0.060238
solo:elder-cave-centipede,solo,elite,elder-cave-centipede,,8,5,False,common-weapon,10000,10000,0.0,404,81,609.0451,293.023501,274.0,1001.0,1.507537,20.1544,9.659594,0.736,7.519075,112.78613,4,13,0.050178
solo:elder-cave-centipede,solo,elite,elder-cave-centipede,,8,8,True,headline,10000,10000,0.0,443,89,96.6907,53.9925,39.0,167.0,0.218263,4.3925,2.118784,0.0004,1.086412,16.296185,0,0,0.4107
solo:elder-cave-centipede,solo,elite,elder-cave-centipede,,8,8,True,bare,10000,10000,0.0,243,49,118.5239,65.455683,48.0,208.0,0.487753,4.3897,2.10196,0.0502,2.418855,36.282827,0,0,0.410848
solo:elder-cave-centipede,solo,elite,elder-cave-centipede,,8,8,True,common-weapon,10000,10000,0.0,443,89,100.0773,54.13119,42.0,173.0,0.225908,4.4385,2.119532,0.0001,1.124464,16.866961,0,0,0.405542
solo:elder-cave-centipede,solo,elite,elder-cave-centipede,,8,10,False,headline,10000,10000,0.0,468,94,41.3109,27.311343,0.0,78.0,0.088271,2.8685,1.024894,0.0,0.439478,6.592165,0,0,0.658916
solo:elder-cave-centipede,solo,elite,elder-cave-centipede,,8,10,False,bare,10000,10000,0.0,268,54,50.8235,33.656232,0.0,96.0,0.18964,2.8444,0.997692,0.0,0.941176,14.117639,0,0,0.662776
solo:elder-cave-centipede,solo,elite,elder-cave-centipede,,8,10,False,common-weapon,10000,10000,0.0,468,94,43.7102,27.937999,11.0,81.0,0.093398,2.9056,1.043786,0.0,0.465002,6.975032,0,0,0.648644
solo:elder-cave-spider,solo,elite,elder-cave-spider,,7,5,False,headline,10000,10000,0.0,404,81,192.5186,105.41039,78.0,330.0,0.476531,8.0649,4.330022,0.0446,2.376773,35.651593,0,0,0.209786
solo:elder-cave-spider,solo,elite,elder-cave-spider,,7,5,False,bare,10000,10000,0.0,204,41,233.2252,126.539863,94.0,403.0,1.143261,7.9427,4.20847,0.5178,5.68842,85.326293,2,4,0.212094
solo:elder-cave-spider,solo,elite,elder-cave-spider,,7,5,False,common-weapon,10000,10000,0.0,404,81,206.0455,106.854142,87.0,349.0,0.510014,8.5532,4.394539,0.0542,2.543772,38.156574,0,0,0.200732
solo:elder-cave-spider,solo,elite,elder-cave-spider,,7,7,True,headline,10000,10000,0.0,429,86,69.6695,38.751218,26.0,121.0,0.1624,3.9865,1.836932,0.0,0.81011,12.151657,0,0,0.457895
solo:elder-cave-spider,solo,elite,elder-cave-spider,,7,7,True,bare,10000,10000,0.0,229,46,85.8809,48.263089,31.0,150.0,0.375026,3.9743,1.829874,0.0121,1.866976,28.004641,0,0,0.46144
solo:elder-cave-spider,solo,elite,elder-cave-spider,,7,7,True,common-weapon,10000,10000,0.0,429,86,72.5722,39.492541,27.0,125.0,0.169166,4.0631,1.872623,0.0,0.843863,12.657942,0,0,0.450001
solo:elder-cave-spider,solo,elite,elder-cave-spider,,7,10,False,headline,10000,10000,0.0,468,94,19.7451,17.264372,0.0,45.0,0.04219,2.2511,0.571707,0.0,0.210054,3.150814,0,0,0.812181
solo:elder-cave-spider,solo,elite,elder-cave-spider,,7,10,False,bare,10000,10000,0.0,268,54,24.2166,21.036475,0.0,55.0,0.09036,2.2536,0.572614,0.0,0.448456,6.726833,0,0,0.812123
solo:elder-cave-spider,solo,elite,elder-cave-spider,,7,10,False,common-weapon,10000,10000,0.0,468,94,21.5736,18.017502,0.0,47.0,0.046097,2.3352,0.617609,0.0,0.229506,3.442596,0,0,0.793337
solo:giant-cave-beetle,solo,normal,giant-cave-beetle,,5,5,True,headline,10000,10000,0.0,404,81,37.5984,22.87957,11.0,67.0,0.093065,3.1707,1.318697,0.0,0.464178,6.962667,0,0,0.561012
solo:giant-cave-beetle,solo,normal,giant-cave-beetle,,5,5,True,bare,10000,10000,0.0,204,41,45.8818,27.955587,13.0,82.0,0.224911,3.162,1.335424,0.0003,1.119068,16.786024,0,0,0.561322
solo:giant-cave-beetle,solo,normal,giant-cave-beetle,,5,5,True,common-weapon,10000,10000,0.0,404,81,40.0876,23.728808,15.0,71.0,0.099227,3.276,1.393422,0.0,0.494909,7.42363,0,0,0.550702
solo:giant-cave-beetle,solo,normal,giant-cave-beetle,,5,10,False,headline,10000,10000,0.0,468,94,0.9949,2.936882,0.0,7.0,0.002126,1.8157,0.387729,0.0,0.010584,0.158761,0,0,1.0
solo:giant-cave-beetle,solo,normal,giant-cave-beetle,,5,10,False,bare,10000,10000,0.0,268,54,1.2248,3.596396,0.0,9.0,0.00457,1.8209,0.383436,0.0,0.022681,0.340222,0,0,1.0
solo:giant-cave-beetle,solo,normal,giant-cave-beetle,,5,10,False,common-weapon,10000,10000,0.0,468,94,1.2306,3.294393,0.0,8.0,0.002629,1.828,0.37738,0.0,0.013091,0.196372,0,0,1.0
solo:giant-cave-centipede,solo,normal,giant-cave-centipede,,5,5,True,headline,10000,10000,0.0,404,81,32.0819,19.768257,9.0,58.0,0.079411,2.824,1.165085,0.0,0.396073,5.941093,0,0,0.557507
solo:giant-cave-centipede,solo,normal,giant-cave-centipede,,5,5,True,bare,10000,10000,0.0,204,41,39.0576,24.217735,11.0,70.0,0.191459,2.8067,1.135313,0.0,0.952624,14.289366,0,0,0.563224
solo:giant-cave-centipede,solo,normal,giant-cave-centipede,,5,5,True,common-weapon,10000,10000,0.0,404,81,33.7215,20.135365,10.0,59.0,0.083469,2.896,1.195736,0.0,0.416315,6.244722,0,0,0.548584
solo:giant-cave-centipede,solo,normal,giant-cave-centipede,,5,10,False,headline,10000,10000,0.0,468,94,0.9262,2.739955,0.0,6.0,0.001979,1.6479,0.477625,0.0,0.009853,0.147798,0,0,1.0
solo:giant-cave-centipede,solo,normal,giant-cave-centipede,,5,10,False,bare,10000,10000,0.0,268,54,1.1902,3.45222,0.0,9.0,0.004441,1.6508,0.476717,0.0,0.022041,0.330611,0,0,1.0
solo:giant-cave-centipede,solo,normal,giant-cave-centipede,,5,10,False,common-weapon,10000,10000,0.0,468,94,1.2028,3.178848,0.0,8.0,0.00257,1.7284,0.444785,0.0,0.012796,0.191936,0,0,1.0
solo:giant-cave-spider,solo,normal,giant-cave-spider,,4,4,True,headline,10000,10000,0.0,393,79,30.6348,18.227661,12.0,55.0,0.077951,3.0391,1.314219,0.0,0.387782,5.816734,0,0,0.511961
solo:giant-cave-spider,solo,normal,giant-cave-spider,,4,4,True,bare,10000,10000,0.0,193,39,37.5276,21.952568,15.0,66.0,0.194444,3.029,1.310252,0.0,0.962246,14.433692,0,0,0.512677
solo:giant-cave-spider,solo,normal,giant-cave-spider,,4,4,True,common-weapon,10000,10000,0.0,393,79,32.3748,18.906478,13.0,58.0,0.082379,3.1059,1.386104,0.0,0.409808,6.147114,0,0,0.498728
solo:giant-cave-spider,solo,normal,giant-cave-spider,,4,5,False,headline,10000,10000,0.0,404,81,18.6829,13.047304,0.0,34.0,0.046245,2.4468,0.851569,0.0,0.230653,3.459796,0,0,0.65555
solo:giant-cave-spider,solo,normal,giant-cave-spider,,4,5,False,bare,10000,10000,0.0,204,41,22.9581,16.08524,0.0,43.0,0.11254,2.4208,0.830739,0.0,0.559954,8.399305,0,0,0.66697
solo:giant-cave-spider,solo,normal,giant-cave-spider,,4,5,False,common-weapon,10000,10000,0.0,404,81,19.7372,13.494974,0.0,37.0,0.048854,2.4705,0.863209,0.0,0.243669,3.655037,0,0,0.650799
solo:giant-cave-spider,solo,normal,giant-cave-spider,,4,10,False,headline,10000,10000,0.0,468,94,0.0,0.0,0.0,0.0,0.0,1.0,0.0,0.0,0.0,0.0,0,0,1.0
solo:giant-cave-spider,solo,normal,giant-cave-spider,,4,10,False,bare,10000,10000,0.0,268,54,0.0,0.0,0.0,0.0,0.0,1.0,0.0,0.0,0.0,0.0,0,0,1.0
solo:giant-cave-spider,solo,normal,giant-cave-spider,,4,10,False,common-weapon,10000,10000,0.0,468,94,0.0,0.0,0.0,0.0,0.0,1.0,0.0,0.0,0.0,0.0,0,0,1.0
solo:kings-skitterlings,solo,elite,kings-skitterlings,,8,5,False,headline,10000,10000,0.0,404,81,265.5547,162.348845,90.0,486.0,0.657314,11.8775,7.219882,0.1755,3.278453,49.176796,0,0,0.060072
solo:kings-skitterlings,solo,elite,kings-skitterlings,,8,5,False,bare,10000,10000,0.0,204,41,323.6651,197.84424,111.0,589.0,1.586594,11.8166,7.196024,0.6856,7.894271,118.414061,5,7,0.06061
solo:kings-skitterlings,solo,elite,kings-skitterlings,,8,5,False,common-weapon,10000,10000,0.0,404,81,283.8958,168.892764,101.0,511.0,0.702712,12.6862,7.515672,0.2048,3.504886,52.573296,0,0,0.049999
solo:kings-skitterlings,solo,elite,kings-skitterlings,,8,8,True,headline,10000,10000,0.0,443,89,54.2705,33.93682,19.0,98.0,0.122507,3.3343,1.802372,0.0,0.609781,9.146713,0,0,0.416189
solo:kings-skitterlings,solo,elite,kings-skitterlings,,8,8,True,bare,10000,10000,0.0,243,49,67.4075,42.803031,23.0,124.0,0.277397,3.377,1.861201,0.0037,1.375663,20.634949,0,0,0.409624
solo:kings-skitterlings,solo,elite,kings-skitterlings,,8,8,True,common-weapon,10000,10000,0.0,443,89,59.5647,35.924454,20.0,108.0,0.134458,3.5797,1.924019,0.0,0.669266,10.038994,0,0,0.398609
solo:kings-skitterlings,solo,elite,kings-skitterlings,,8,10,False,headline,10000,10000,0.0,468,94,18.6474,16.410005,0.0,41.0,0.039845,1.749,0.900555,0.0,0.198377,2.975649,0,0,0.663979
solo:kings-skitterlings,solo,elite,kings-skitterlings,,8,10,False,bare,10000,10000,0.0,268,54,23.0525,20.293746,0.0,51.0,0.086017,1.744,0.908991,0.0,0.426898,6.403472,0,0,0.658142
solo:kings-skitterlings,solo,elite,kings-skitterlings,,8,10,False,common-weapon,10000,10000,0.0,468,94,20.4771,17.423572,0.0,44.0,0.043754,1.8428,0.944081,0.0,0.217841,3.267622,0,0,0.654168
solo:matrons-brood,solo,normal,matrons-brood,,2,2,True,headline,10000,10000,0.0,368,74,6.6672,5.884951,0.0,14.0,0.018117,1.7096,1.013542,0.0,0.090097,1.351459,0,0,0.559371
solo:matrons-brood,solo,normal,matrons-brood,,2,2,True,bare,10000,10000,0.0,168,34,8.2371,7.174001,0.0,17.0,0.04903,1.7048,1.005414,0.0,0.242268,3.634015,0,0,0.560828
solo:matrons-brood,solo,normal,matrons-brood,,2,2,True,common-weapon,10000,10000,0.0,368,74,6.9665,6.020031,0.0,15.0,0.018931,1.7139,1.017372,0.0,0.094142,1.412128,0,0,0.556742
solo:matrons-brood,solo,normal,matrons-brood,,2,5,False,headline,10000,10000,0.0,404,81,1.3651,2.449368,0.0,6.0,0.003379,1.0207,0.142378,0.0,0.016853,0.252796,0,0,0.962967
solo:matrons-brood,solo,normal,matrons-brood,,2,5,False,bare,10000,10000,0.0,204,41,1.7921,3.09517,0.0,8.0,0.008785,1.0244,0.154288,0.0,0.04371,0.655646,0,0,0.959293
solo:matrons-brood,solo,normal,matrons-brood,,2,5,False,common-weapon,10000,10000,0.0,404,81,1.5212,2.648575,0.0,7.0,0.003765,1.034,0.181229,0.0,0.01878,0.281704,0,0,0.951838
solo:matrons-brood,solo,normal,matrons-brood,,2,10,False,headline,10000,10000,0.0,468,94,0.0,0.0,0.0,0.0,0.0,1.0,0.0,0.0,0.0,0.0,0,0,1.0
solo:matrons-brood,solo,normal,matrons-brood,,2,10,False,bare,10000,10000,0.0,268,54,0.0,0.0,0.0,0.0,0.0,1.0,0.0,0.0,0.0,0.0,0,0,1.0
solo:matrons-brood,solo,normal,matrons-brood,,2,10,False,common-weapon,10000,10000,0.0,468,94,0.0,0.0,0.0,0.0,0.0,1.0,0.0,0.0,0.0,0.0,0,0,1.0
solo:mountain-goat,solo,normal,mountain-goat,,6,5,False,headline,10000,10000,0.0,404,81,49.6663,29.265344,18.0,88.0,0.122936,3.4175,1.594739,0.0,0.613164,9.197463,0,0,0.465369
solo:mountain-goat,solo,normal,mountain-goat,,6,5,False,bare,10000,10000,0.0,204,41,61.2749,36.15996,22.0,108.0,0.300367,3.4307,1.607731,0.0038,1.49451,22.417646,0,0,0.46046
solo:mountain-goat,solo,normal,mountain-goat,,6,5,False,common-weapon,10000,10000,0.0,404,81,53.081,31.024742,20.0,93.0,0.131389,3.5771,1.704188,0.0,0.655321,9.829815,0,0,0.449806
solo:mountain-goat,solo,normal,mountain-goat,,6,6,True,headline,10000,10000,0.0,418,84,34.3771,21.699182,8.0,62.0,0.082242,2.8008,1.125486,0.0,0.409251,6.138768,0,0,0.561125
solo:mountain-goat,solo,normal,mountain-goat,,6,6,True,bare,10000,10000,0.0,218,44,42.7021,27.326389,10.0,78.0,0.195881,2.8221,1.159505,0.0001,0.970502,14.557534,0,0,0.560434
solo:mountain-goat,solo,normal,mountain-goat,,6,6,True,common-weapon,10000,10000,0.0,418,84,36.3507,22.48188,10.0,65.0,0.086963,2.8922,1.189865,0.0,0.432746,6.491196,0,0,0.546781
solo:mountain-goat,solo,normal,mountain-goat,,6,10,False,headline,10000,10000,0.0,468,94,3.2464,6.375272,0.0,11.0,0.006937,1.8416,0.365116,0.0,0.034536,0.518043,0,0,1.0
solo:mountain-goat,solo,normal,mountain-goat,,6,10,False,bare,10000,10000,0.0,268,54,3.996,7.73903,0.0,13.0,0.01491,1.8424,0.364366,0.0,0.074,1.11,0,0,1.0
solo:mountain-goat,solo,normal,mountain-goat,,6,10,False,common-weapon,10000,10000,0.0,468,94,3.817,6.962981,0.0,11.0,0.008156,1.8494,0.357659,0.0,0.040606,0.609096,0,0,1.0
solo:mountain-hunter,solo,normal,mountain-hunter,,8,5,False,headline,10000,10000,0.0,404,81,285.0062,141.77533,129.0,479.0,0.705461,11.1946,5.462466,0.1817,3.518595,52.778926,0,0,0.161185
solo:mountain-hunter,solo,normal,mountain-hunter,,8,5,False,bare,10000,10000,0.0,204,41,351.289,173.874242,159.0,586.0,1.722005,11.2027,5.421791,0.803,8.568024,128.520366,5,8,0.160586
solo:mountain-hunter,solo,normal,mountain-hunter,,8,5,False,common-weapon,10000,10000,0.0,404,81,302.8315,147.375892,138.0,502.0,0.749583,11.7806,5.69084,0.2152,3.73866,56.079907,0,0,0.149899
solo:mountain-hunter,solo,normal,mountain-hunter,,8,8,True,headline,10000,10000,0.0,443,89,63.9729,35.854238,24.0,111.0,0.144408,3.8256,1.659212,0.0,0.718797,10.781949,0,0,0.512678
solo:mountain-hunter,solo,normal,mountain-hunter,,8,8,True,bare,10000,10000,0.0,243,49,78.6234,43.54587,29.0,136.0,0.323553,3.8091,1.615938,0.0027,1.604559,24.068388,0,0,0.513507
solo:mountain-hunter,solo,normal,mountain-hunter,,8,8,True,common-weapon,10000,10000,0.0,443,89,68.0531,37.161621,25.0,117.0,0.153619,3.9844,1.693327,0.0,0.764642,11.469624,0,0,0.505195
solo:mountain-hunter,solo,normal,mountain-hunter,,8,10,False,headline,10000,10000,0.0,468,94,26.0971,19.969073,0.0,52.0,0.055763,2.5084,0.713533,0.0,0.277629,4.164431,0,0,0.757614
solo:mountain-hunter,solo,normal,mountain-hunter,,8,10,False,bare,10000,10000,0.0,268,54,31.9065,24.67007,0.0,64.0,0.119054,2.5092,0.7166,0.0,0.590861,8.862917,0,0,0.758887
solo:mountain-hunter,solo,normal,mountain-hunter,,8,10,False,common-weapon,10000,10000,0.0,468,94,27.045,20.517431,0.0,54.0,0.057788,2.5396,0.735005,0.0,0.287713,4.315691,0,0,0.750394
solo:mountain-lion,solo,elite,mountain-lion,,8,5,False,headline,10000,10000,0.0,404,81,588.7097,286.115802,259.0,976.0,1.457202,20.7501,10.033626,0.7147,7.268021,109.020315,4,12,0.05973
solo:mountain-lion,solo,elite,mountain-lion,,8,5,False,bare,10000,10000,0.0,204,41,717.894,354.337144,316.0,1197.0,3.519088,20.5724,10.079432,0.9742,17.50961,262.644146,14,23,0.060183
solo:mountain-lion,solo,elite,mountain-lion,,8,5,False,common-weapon,10000,10000,0.0,404,81,653.86,301.159078,307.0,1056.0,1.618465,22.9918,10.543108,0.7869,8.072346,121.085185,5,15,0.050031
solo:mountain-lion,solo,elite,mountain-lion,,8,8,True,headline,10000,10000,0.0,443,89,113.5918,54.942967,53.0,187.0,0.256415,5.4894,2.287026,0.0002,1.276312,19.144685,0,0,0.411648
solo:mountain-lion,solo,elite,mountain-lion,,8,8,True,bare,10000,10000,0.0,243,49,140.6075,68.100121,65.0,230.0,0.578632,5.4871,2.288369,0.0796,2.869541,43.043112,0,0,0.4108
solo:mountain-lion,solo,elite,mountain-lion,,8,8,True,common-weapon,10000,10000,0.0,443,89,121.2059,56.555077,58.0,194.0,0.273602,5.7172,2.356698,0.0003,1.361864,20.427961,0,0,0.395858
solo:mountain-lion,solo,elite,mountain-lion,,8,10,False,headline,10000,10000,0.0,468,94,41.3157,26.676132,10.0,77.0,0.088281,3.0057,1.066802,0.0,0.439529,6.592931,0,0,0.663872
solo:mountain-lion,solo,elite,mountain-lion,,8,10,False,bare,10000,10000,0.0,268,54,51.4341,33.381205,13.0,96.0,0.191918,3.009,1.068044,0.0002,0.952483,14.28725,0,0,0.663111
solo:mountain-lion,solo,elite,mountain-lion,,8,10,False,common-weapon,10000,10000,0.0,468,94,44.7877,28.162653,11.0,82.0,0.0957,3.1807,1.143786,0.0,0.476465,7.146973,0,0,0.648191
solo:mountain-squirrel,solo,normal,mountain-squirrel,,6,5,False,headline,10000,10000,0.0,404,81,9.9442,15.331024,0.0,31.0,0.024614,1.6371,1.037691,0.0,0.122768,1.841519,0,0,0.459471
solo:mountain-squirrel,solo,normal,mountain-squirrel,,6,5,False,bare,10000,10000,0.0,204,41,12.409,18.949642,0.0,38.0,0.060828,1.633,1.02348,0.0,0.302659,4.539878,0,0,0.454501
solo:mountain-squirrel,solo,normal,mountain-squirrel,,6,5,False,common-weapon,10000,10000,0.0,404,81,10.8276,16.150835,0.0,33.0,0.026801,1.6771,1.066412,0.0,0.133674,2.005111,0,0,0.44249
solo:mountain-squirrel,solo,normal,mountain-squirrel,,6,6,True,headline,10000,10000,0.0,418,84,5.9606,11.25557,0.0,25.0,0.01426,1.413,0.772419,0.0,0.07096,1.064393,0,0,0.560651
solo:mountain-squirrel,solo,normal,mountain-squirrel,,6,6,True,bare,10000,10000,0.0,218,44,6.9573,13.459617,0.0,31.0,0.031914,1.399,0.757363,0.0,0.15812,2.371807,0,0,0.568049
solo:mountain-squirrel,solo,normal,mountain-squirrel,,6,6,True,common-weapon,10000,10000,0.0,418,84,5.983,11.347895,0.0,25.0,0.014313,1.4172,0.779195,0.0,0.071226,1.068393,0,0,0.547982
solo:mountain-squirrel,solo,normal,mountain-squirrel,,6,10,False,headline,10000,10000,0.0,468,94,0.0,0.0,0.0,0.0,0.0,1.0,0.0,0.0,0.0,0.0,0,0,1.0
solo:mountain-squirrel,solo,normal,mountain-squirrel,,6,10,False,bare,10000,10000,0.0,268,54,0.0,0.0,0.0,0.0,0.0,1.0,0.0,0.0,0.0,0.0,0,0,1.0
solo:mountain-squirrel,solo,normal,mountain-squirrel,,6,10,False,common-weapon,10000,10000,0.0,468,94,0.0,0.0,0.0,0.0,0.0,1.0,0.0,0.0,0.0,0.0,0,0,1.0
solo:mountain-villager,solo,normal,mountain-villager,,7,5,False,headline,10000,10000,0.0,404,81,115.2366,61.497413,48.0,198.0,0.285239,5.9445,3.008225,0.0015,1.422674,21.340111,0,0,0.310573
solo:mountain-villager,solo,normal,mountain-villager,,7,5,False,bare,10000,10000,0.0,204,41,140.6877,75.117373,58.0,240.0,0.689646,5.8869,2.951967,0.1722,3.431407,51.47111,0,0,0.313442
solo:mountain-villager,solo,normal,mountain-villager,,7,5,False,common-weapon,10000,10000,0.0,404,81,123.8568,63.936303,53.0,209.0,0.306576,6.2583,3.096091,0.0012,1.529096,22.936444,0,0,0.303054
solo:mountain-villager,solo,normal,mountain-villager,,7,7,True,headline,10000,10000,0.0,429,86,44.768,26.155943,17.0,79.0,0.104354,3.3149,1.354894,0.0,0.520558,7.808372,0,0,0.563727
solo:mountain-villager,solo,normal,mountain-villager,,7,7,True,bare,10000,10000,0.0,229,46,55.4383,32.070397,22.0,98.0,0.242089,3.3315,1.361766,0.0001,1.20518,18.077707,0,0,0.559688
solo:mountain-villager,solo,normal,mountain-villager,,7,7,True,common-weapon,10000,10000,0.0,429,86,46.818,26.939419,18.0,83.0,0.109133,3.3762,1.39781,0.0,0.544395,8.16593,0,0,0.552011
solo:mountain-villager,solo,normal,mountain-villager,,7,10,False,headline,10000,10000,0.0,468,94,11.3061,12.7218,0.0,29.0,0.024158,2.0649,0.391009,0.0,0.120278,1.804165,0,0,0.91186
solo:mountain-villager,solo,normal,mountain-villager,,7,10,False,bare,10000,10000,0.0,268,54,14.1792,16.054634,0.0,36.0,0.052907,2.0708,0.393176,0.0,0.262578,3.938667,0,0,0.91158
solo:mountain-villager,solo,normal,mountain-villager,,7,10,False,common-weapon,10000,10000,0.0,468,94,12.2494,13.35753,0.0,31.0,0.026174,2.1143,0.407229,0.0,0.130313,1.954691,0,0,0.899021
solo:plains-deer,solo,normal,plains-deer,,4,4,True,headline,10000,10000,0.0,393,79,15.6051,16.581796,0.0,38.0,0.039708,2.2014,1.333506,0.0,0.197533,2.962994,0,0,0.510993
solo:plains-deer,solo,normal,plains-deer,,4,4,True,bare,10000,10000,0.0,193,39,18.8829,20.302536,0.0,46.0,0.097839,2.1851,1.322361,0.0,0.484177,7.262654,0,0,0.51723
solo:plains-deer,solo,normal,plains-deer,,4,4,True,common-weapon,10000,10000,0.0,393,79,17.6032,17.24992,0.0,40.0,0.044792,2.3234,1.38167,0.0,0.222825,3.34238,0,0,0.505294
solo:plains-deer,solo,normal,plains-deer,,4,5,False,headline,10000,10000,0.0,404,81,6.2379,10.168387,0.0,23.0,0.01544,1.5524,0.810959,0.0,0.077011,1.155167,0,0,0.659624
solo:plains-deer,solo,normal,plains-deer,,4,5,False,bare,10000,10000,0.0,204,41,7.6274,12.475078,0.0,28.0,0.037389,1.5555,0.817019,0.0,0.186034,2.790512,0,0,0.660945
solo:plains-deer,solo,normal,plains-deer,,4,5,False,common-weapon,10000,10000,0.0,404,81,7.3542,10.953536,0.0,25.0,0.018203,1.6519,0.879845,0.0,0.090793,1.361889,0,0,0.649192
solo:plains-deer,solo,normal,plains-deer,,4,10,False,headline,10000,10000,0.0,468,94,0.0,0.0,0.0,0.0,0.0,1.0,0.0,0.0,0.0,0.0,0,0,1.0
solo:plains-deer,solo,normal,plains-deer,,4,10,False,bare,10000,10000,0.0,268,54,0.0,0.0,0.0,0.0,0.0,1.0,0.0,0.0,0.0,0.0,0,0,1.0
solo:plains-deer,solo,normal,plains-deer,,4,10,False,common-weapon,10000,10000,0.0,468,94,0.0,0.0,0.0,0.0,0.0,1.0,0.0,0.0,0.0,0.0,0,0,1.0
solo:plains-rabbit,solo,normal,plains-rabbit,,4,4,True,headline,10000,10000,0.0,393,79,5.4219,9.050729,0.0,20.0,0.013796,1.5163,0.870709,0.0,0.068632,1.029475,0,0,0.505705
solo:plains-rabbit,solo,normal,plains-rabbit,,4,4,True,bare,10000,10000,0.0,193,39,6.6554,11.233265,0.0,24.0,0.034484,1.5184,0.887841,0.0,0.170651,2.559769,0,0,0.51034
solo:plains-rabbit,solo,normal,plains-rabbit,,4,4,True,common-weapon,10000,10000,0.0,393,79,5.9034,9.722359,0.0,20.0,0.015021,1.5467,0.920228,0.0,0.074727,1.120899,0,0,0.495894
solo:plains-rabbit,solo,normal,plains-rabbit,,4,5,False,headline,10000,10000,0.0,404,81,2.1552,5.476451,0.0,10.0,0.005335,1.2387,0.547469,0.0,0.026607,0.399111,0,0,0.661258
solo:plains-rabbit,solo,normal,plains-rabbit,,4,5,False,bare,10000,10000,0.0,204,41,2.4393,6.301596,0.0,12.0,0.011957,1.2286,0.523777,0.0,0.059495,0.892427,0,0,0.664171
solo:plains-rabbit,solo,normal,plains-rabbit,,4,5,False,common-weapon,10000,10000,0.0,404,81,2.2393,5.569294,0.0,11.0,0.005543,1.2451,0.549569,0.0,0.027646,0.414685,0,0,0.652317
solo:plains-rabbit,solo,normal,plains-rabbit,,4,10,False,headline,10000,10000,0.0,468,94,0.0,0.0,0.0,0.0,0.0,1.0,0.0,0.0,0.0,0.0,0,0,1.0
solo:plains-rabbit,solo,normal,plains-rabbit,,4,10,False,bare,10000,10000,0.0,268,54,0.0,0.0,0.0,0.0,0.0,1.0,0.0,0.0,0.0,0.0,0,0,1.0
solo:plains-rabbit,solo,normal,plains-rabbit,,4,10,False,common-weapon,10000,10000,0.0,468,94,0.0,0.0,0.0,0.0,0.0,1.0,0.0,0.0,0.0,0.0,0,0,1.0
solo:prairie-dog,solo,normal,prairie-dog,,4,4,True,headline,10000,10000,0.0,393,79,5.2599,8.979496,0.0,19.0,0.013384,1.5073,0.873239,0.0,0.066581,0.998715,0,0,0.515027
solo:prairie-dog,solo,normal,prairie-dog,,4,4,True,bare,10000,10000,0.0,193,39,6.6099,11.262083,0.0,24.0,0.034248,1.511,0.880499,0.0,0.169485,2.542269,0,0,0.510655
solo:prairie-dog,solo,normal,prairie-dog,,4,4,True,common-weapon,10000,10000,0.0,393,79,5.8621,9.607439,0.0,20.0,0.014916,1.5501,0.922545,0.0,0.074204,1.113057,0,0,0.496613
solo:prairie-dog,solo,normal,prairie-dog,,4,5,False,headline,10000,10000,0.0,404,81,2.0626,5.39419,0.0,10.0,0.005105,1.2399,0.547492,0.0,0.025464,0.381963,0,0,0.650536
solo:prairie-dog,solo,normal,prairie-dog,,4,5,False,bare,10000,10000,0.0,204,41,2.5649,6.599969,0.0,12.0,0.012573,1.2344,0.536523,0.0,0.062559,0.938378,0,0,0.657404
solo:prairie-dog,solo,normal,prairie-dog,,4,5,False,common-weapon,10000,10000,0.0,404,81,2.325,5.656021,0.0,11.0,0.005755,1.2545,0.557252,0.0,0.028704,0.430556,0,0,0.651255
solo:prairie-dog,solo,normal,prairie-dog,,4,10,False,headline,10000,10000,0.0,468,94,0.0,0.0,0.0,0.0,0.0,1.0,0.0,0.0,0.0,0.0,0,0,1.0
solo:prairie-dog,solo,normal,prairie-dog,,4,10,False,bare,10000,10000,0.0,268,54,0.0,0.0,0.0,0.0,0.0,1.0,0.0,0.0,0.0,0.0,0,0,1.0
solo:prairie-dog,solo,normal,prairie-dog,,4,10,False,common-weapon,10000,10000,0.0,468,94,0.0,0.0,0.0,0.0,0.0,1.0,0.0,0.0,0.0,0.0,0,0,1.0
solo:prowling-mountain-lion,solo,elite,prowling-mountain-lion,,9,5,False,headline,10000,10000,0.0,404,81,1474.2741,671.339862,719.0,2366.0,3.649193,45.7735,20.756223,0.9899,18.200915,273.013722,15,47,0.0
solo:prowling-mountain-lion,solo,elite,prowling-mountain-lion,,9,5,False,bare,10000,10000,0.0,204,41,1821.9995,839.714352,874.0,2955.0,8.93137,46.0134,21.083145,0.9999,44.439012,666.585183,41,67,0.0
solo:prowling-mountain-lion,solo,elite,prowling-mountain-lion,,9,5,False,common-weapon,10000,10000,0.0,404,81,1612.1207,686.7536,827.0,2532.0,3.990398,50.0139,21.248786,0.9944,19.902725,298.54087,17,53,0.0
solo:prowling-mountain-lion,solo,elite,prowling-mountain-lion,,9,9,True,headline,10000,10000,0.0,454,91,85.7696,48.087792,31.0,150.0,0.18892,3.9922,1.811391,0.0,0.942523,14.137846,0,0,0.460072
solo:prowling-mountain-lion,solo,elite,prowling-mountain-lion,,9,9,True,bare,10000,10000,0.0,254,51,106.6101,59.494303,39.0,185.0,0.419725,3.9942,1.837761,0.0223,2.090394,31.355912,0,0,0.463497
solo:prowling-mountain-lion,solo,elite,prowling-mountain-lion,,9,9,True,common-weapon,10000,10000,0.0,454,91,91.3339,49.502647,34.0,158.0,0.201176,4.1496,1.863282,0.0,1.003669,15.055038,0,0,0.448573
solo:prowling-mountain-lion,solo,elite,prowling-mountain-lion,,9,10,False,headline,10000,10000,0.0,468,94,62.1087,36.815414,23.0,110.0,0.132711,3.3504,1.394568,0.0,0.660731,9.910963,0,0,0.556083
solo:prowling-mountain-lion,solo,elite,prowling-mountain-lion,,9,10,False,bare,10000,10000,0.0,268,54,75.3399,45.087625,28.0,134.0,0.281119,3.3241,1.374212,0.0014,1.395183,20.92775,0,0,0.561054
solo:prowling-mountain-lion,solo,elite,prowling-mountain-lion,,9,10,False,common-weapon,10000,10000,0.0,468,94,65.2343,37.730054,25.0,115.0,0.13939,3.4339,1.43284,0.0,0.693982,10.409729,0,0,0.542415
solo:reedmere-fisher,solo,normal,reedmere-fisher,,2,2,True,headline,10000,10000,0.0,368,74,4.7099,7.29816,0.0,16.0,0.012799,1.7141,1.01102,0.0,0.063647,0.954709,0,0,0.556794
solo:reedmere-fisher,solo,normal,reedmere-fisher,,2,2,True,bare,10000,10000,0.0,168,34,5.5601,8.782425,0.0,19.0,0.033096,1.6928,1.013523,0.0,0.163532,2.452985,0,0,0.56439
solo:reedmere-fisher,solo,normal,reedmere-fisher,,2,2,True,common-weapon,10000,10000,0.0,368,74,5.0432,7.586629,0.0,16.0,0.013704,1.7387,1.042604,0.0,0.068151,1.02227,0,0,0.545235
solo:reedmere-fisher,solo,normal,reedmere-fisher,,2,5,False,headline,10000,10000,0.0,404,81,0.0612,0.626941,0.0,0.0,0.000151,1.038,0.191196,0.0,0.000756,0.011333,0,0,0.961175
solo:reedmere-fisher,solo,normal,reedmere-fisher,,2,5,False,bare,10000,10000,0.0,204,41,0.0889,0.878747,0.0,0.0,0.000436,1.037,0.188762,0.0,0.002168,0.032524,0,0,0.962392
solo:reedmere-fisher,solo,normal,reedmere-fisher,,2,5,False,common-weapon,10000,10000,0.0,404,81,0.0938,0.803369,0.0,0.0,0.000232,1.0523,0.222631,0.0,0.001158,0.01737,0,0,0.948684
solo:reedmere-fisher,solo,normal,reedmere-fisher,,2,10,False,headline,10000,10000,0.0,468,94,0.0,0.0,0.0,0.0,0.0,1.0,0.0,0.0,0.0,0.0,0,0,1.0
solo:reedmere-fisher,solo,normal,reedmere-fisher,,2,10,False,bare,10000,10000,0.0,268,54,0.0,0.0,0.0,0.0,0.0,1.0,0.0,0.0,0.0,0.0,0,0,1.0
solo:reedmere-fisher,solo,normal,reedmere-fisher,,2,10,False,common-weapon,10000,10000,0.0,468,94,0.0,0.0,0.0,0.0,0.0,1.0,0.0,0.0,0.0,0.0,0,0,1.0
solo:reedmere-villager,solo,normal,reedmere-villager,,2,2,True,headline,10000,10000,0.0,368,74,3.8535,6.140264,0.0,13.0,0.010471,1.709,1.013271,0.0,0.052074,0.781115,0,0,0.559626
solo:reedmere-villager,solo,normal,reedmere-villager,,2,2,True,bare,10000,10000,0.0,168,34,4.6322,7.491523,0.0,16.0,0.027573,1.7098,1.019698,0.0,0.136241,2.043618,0,0,0.558018
solo:reedmere-villager,solo,normal,reedmere-villager,,2,2,True,common-weapon,10000,10000,0.0,368,74,4.0774,6.416916,0.0,14.0,0.01108,1.7323,1.036261,0.0,0.0551,0.8265,0,0,0.548346
solo:reedmere-villager,solo,normal,reedmere-villager,,2,5,False,headline,10000,10000,0.0,404,81,0.0535,0.567131,0.0,0.0,0.000132,1.0367,0.188024,0.0,0.00066,0.009907,0,0,0.962091
solo:reedmere-villager,solo,normal,reedmere-villager,,2,5,False,bare,10000,10000,0.0,204,41,0.0623,0.676623,0.0,0.0,0.000305,1.0397,0.195253,0.0,0.00152,0.022793,0,0,0.958738
solo:reedmere-villager,solo,normal,reedmere-villager,,2,5,False,common-weapon,10000,10000,0.0,404,81,0.0774,0.690079,0.0,0.0,0.000192,1.0464,0.21035,0.0,0.000956,0.014333,0,0,0.953077
solo:reedmere-villager,solo,normal,reedmere-villager,,2,10,False,headline,10000,10000,0.0,468,94,0.0,0.0,0.0,0.0,0.0,1.0,0.0,0.0,0.0,0.0,0,0,1.0
solo:reedmere-villager,solo,normal,reedmere-villager,,2,10,False,bare,10000,10000,0.0,268,54,0.0,0.0,0.0,0.0,0.0,1.0,0.0,0.0,0.0,0.0,0,0,1.0
solo:reedmere-villager,solo,normal,reedmere-villager,,2,10,False,common-weapon,10000,10000,0.0,468,94,0.0,0.0,0.0,0.0,0.0,1.0,0.0,0.0,0.0,0.0,0,0,1.0
solo:river-otter,solo,normal,river-otter,,1,1,True,headline,10000,10000,0.0,354,71,0.7991,1.7618,0.0,3.0,0.002257,1.4118,0.767086,0.0,0.011255,0.168824,0,0,0.560419
solo:river-otter,solo,normal,river-otter,,1,1,True,bare,10000,10000,0.0,154,31,1.0974,2.371859,0.0,4.0,0.007126,1.3979,0.747379,0.0,0.0354,0.531,0,0,0.571858
solo:river-otter,solo,normal,river-otter,,1,1,True,common-weapon,10000,10000,0.0,354,71,0.9177,1.896082,0.0,3.0,0.002592,1.4404,0.800904,0.0,0.012925,0.19388,0,0,0.543668
solo:river-otter,solo,normal,river-otter,,1,5,False,headline,10000,10000,0.0,404,81,0.0,0.0,0.0,0.0,0.0,1.0,0.0,0.0,0.0,0.0,0,0,1.0
solo:river-otter,solo,normal,river-otter,,1,5,False,bare,10000,10000,0.0,204,41,0.0,0.0,0.0,0.0,0.0,1.0,0.0,0.0,0.0,0.0,0,0,1.0
solo:river-otter,solo,normal,river-otter,,1,5,False,common-weapon,10000,10000,0.0,404,81,0.0,0.0,0.0,0.0,0.0,1.0,0.0,0.0,0.0,0.0,0,0,1.0
solo:river-otter,solo,normal,river-otter,,1,10,False,headline,10000,10000,0.0,468,94,0.0,0.0,0.0,0.0,0.0,1.0,0.0,0.0,0.0,0.0,0,0,1.0
solo:river-otter,solo,normal,river-otter,,1,10,False,bare,10000,10000,0.0,268,54,0.0,0.0,0.0,0.0,0.0,1.0,0.0,0.0,0.0,0.0,0,0,1.0
solo:river-otter,solo,normal,river-otter,,1,10,False,common-weapon,10000,10000,0.0,468,94,0.0,0.0,0.0,0.0,0.0,1.0,0.0,0.0,0.0,0.0,0,0,1.0
solo:silk-matron,solo,boss,silk-matron,,3,3,True,headline,10000,10000,0.0,379,76,69.2879,28.637266,37.0,108.0,0.182818,7.1496,2.387806,0.0,0.911683,13.675243,0,0,0.458739
solo:silk-matron,solo,boss,silk-matron,,3,3,True,bare,10000,10000,0.0,179,36,85.0709,35.156844,45.0,132.0,0.475256,7.112,2.380894,0.0149,2.363081,35.446208,0,0,0.461164
solo:silk-matron,solo,boss,silk-matron,,3,3,True,common-weapon,10000,10000,0.0,379,76,74.5115,29.38543,40.0,114.0,0.1966,7.4592,2.466928,0.0,0.980414,14.706217,0,0,0.449659
solo:silk-matron,solo,boss,silk-matron,,3,5,False,headline,10000,10000,0.0,404,81,26.8575,15.319171,7.0,47.0,0.066479,4.4697,1.112781,0.0,0.331574,4.973611,0,0,0.712128
solo:silk-matron,solo,boss,silk-matron,,3,5,False,bare,10000,10000,0.0,204,41,33.153,18.732682,9.0,58.0,0.162515,4.4848,1.111022,0.0,0.80861,12.129146,0,0,0.709887
solo:silk-matron,solo,boss,silk-matron,,3,5,False,common-weapon,10000,10000,0.0,404,81,29.6376,15.78953,11.0,50.0,0.07336,4.6344,1.116215,0.0,0.365896,5.488444,0,0,0.69912
solo:silk-matron,solo,boss,silk-matron,,3,10,False,headline,10000,10000,0.0,468,94,0.0,0.0,0.0,0.0,0.0,2.7022,0.457291,0.0,0.0,0.0,0,0,1.0
solo:silk-matron,solo,boss,silk-matron,,3,10,False,bare,10000,10000,0.0,268,54,0.0,0.0,0.0,0.0,0.0,2.6923,0.461542,0.0,0.0,0.0,0,0,1.0
solo:silk-matron,solo,boss,silk-matron,,3,10,False,common-weapon,10000,10000,0.0,468,94,0.0,0.0,0.0,0.0,0.0,2.7401,0.43858,0.0,0.0,0.0,0,0,1.0
solo:territorial-brown-bear,solo,elite,territorial-brown-bear,,9,5,False,headline,10000,10000,0.0,404,81,1778.2539,796.931165,873.0,2839.0,4.401619,49.7657,22.204171,0.996,21.953752,329.306278,19,60,0.0
solo:territorial-brown-bear,solo,elite,territorial-brown-bear,,9,5,False,bare,10000,10000,0.0,204,41,2174.1931,987.837186,1053.0,3488.0,10.657809,49.4745,22.38938,1.0,53.0291,795.4365,50,81,0.0
solo:territorial-brown-bear,solo,elite,territorial-brown-bear,,9,5,False,common-weapon,10000,10000,0.0,404,81,2015.7927,820.19988,1064.0,3122.0,4.989586,56.3462,22.880689,0.999,24.88633,373.294944,22,69,0.0
solo:territorial-brown-bear,solo,elite,territorial-brown-bear,,9,9,True,headline,10000,10000,0.0,454,91,114.0563,57.432226,49.0,191.0,0.251225,4.733,1.958548,0.0003,1.253366,18.800489,0,0,0.461525
solo:territorial-brown-bear,solo,elite,territorial-brown-bear,,9,9,True,bare,10000,10000,0.0,254,51,140.0309,70.895156,61.0,234.0,0.551303,4.7425,1.984186,0.072,2.745704,41.185559,0,0,0.461719
solo:territorial-brown-bear,solo,elite,territorial-brown-bear,,9,9,True,common-weapon,10000,10000,0.0,454,91,122.7179,59.408564,57.0,203.0,0.270304,4.9704,2.010155,0.0,1.348548,20.228225,0,0,0.450366
solo:territorial-brown-bear,solo,elite,territorial-brown-bear,,9,10,False,headline,10000,10000,0.0,468,94,71.81,41.659516,27.0,127.0,0.15344,3.4993,1.411453,0.0,0.763936,11.459043,0,0,0.564856
solo:territorial-brown-bear,solo,elite,territorial-brown-bear,,9,10,False,bare,10000,10000,0.0,268,54,87.9247,51.641009,34.0,158.0,0.328077,3.4992,1.424008,0.005,1.628235,24.423528,0,0,0.563815
solo:territorial-brown-bear,solo,elite,territorial-brown-bear,,9,10,False,common-weapon,10000,10000,0.0,468,94,78.1102,43.889683,29.0,137.0,0.166902,3.7128,1.516218,0.0,0.83096,12.464394,0,0,0.549828
solo:undercrag-weaver,solo,boss,undercrag-weaver,,8,5,False,headline,10000,10000,0.0,404,81,918.6393,356.34185,498.0,1396.0,2.27386,33.4075,12.880297,0.958,11.341226,170.118389,8,25,0.0601
solo:undercrag-weaver,solo,boss,undercrag-weaver,,8,5,False,bare,10000,10000,0.0,204,41,1139.354,451.832655,613.0,1755.0,5.585069,33.6773,13.270786,0.9997,27.789122,416.836829,25,40,0.059646
solo:undercrag-weaver,solo,boss,undercrag-weaver,,8,5,False,common-weapon,10000,10000,0.0,404,81,1002.7623,356.840866,573.0,1479.0,2.482085,36.4119,12.914404,0.9798,12.379781,185.696722,9,28,0.050168
solo:undercrag-weaver,solo,boss,undercrag-weaver,,8,8,True,headline,10000,10000,0.0,443,89,163.0696,65.429475,88.0,249.0,0.368103,8.1303,2.82859,0.0014,1.832243,27.48364,0,0,0.412051
solo:undercrag-weaver,solo,boss,undercrag-weaver,,8,8,True,bare,10000,10000,0.0,243,49,201.4729,81.109763,108.0,310.0,0.829107,8.1411,2.828072,0.2696,4.111692,61.675378,1,1,0.411148
solo:undercrag-weaver,solo,boss,undercrag-weaver,,8,8,True,common-weapon,10000,10000,0.0,443,89,174.213,67.339647,97.0,264.0,0.393257,8.4728,2.934018,0.0019,1.957449,29.361742,0,0,0.400777
solo:undercrag-weaver,solo,boss,undercrag-weaver,,8,10,False,headline,10000,10000,0.0,468,94,65.5474,33.002475,25.0,108.0,0.140059,4.9599,1.286815,0.0,0.697313,10.459691,0,0,0.659207
solo:undercrag-weaver,solo,boss,undercrag-weaver,,8,10,False,bare,10000,10000,0.0,268,54,81.6122,40.201809,31.0,134.0,0.304523,4.9626,1.254592,0.0003,1.511337,22.670056,0,0,0.66048
solo:undercrag-weaver,solo,boss,undercrag-weaver,,8,10,False,common-weapon,10000,10000,0.0,468,94,69.3203,32.827024,28.0,112.0,0.14812,5.053,1.279684,0.0,0.73745,11.06175,0,0,0.650247
solo:weavers-brood,solo,elite,weavers-brood,,6,5,False,headline,10000,10000,0.0,404,81,66.4323,38.313596,26.0,116.0,0.164436,3.9583,2.037734,0.0,0.820152,12.302278,0,0,0.365157
solo:weavers-brood,solo,elite,weavers-brood,,6,5,False,bare,10000,10000,0.0,204,41,82.7472,47.999582,33.0,146.0,0.405624,4.007,2.110059,0.0252,2.018224,30.273366,0,0,0.363015
solo:weavers-brood,solo,elite,weavers-brood,,6,5,False,common-weapon,10000,10000,0.0,404,81,70.445,39.468549,29.0,123.0,0.174369,4.1054,2.111324,0.0001,0.869691,13.04537,0,0,0.349832
solo:weavers-brood,solo,elite,weavers-brood,,6,6,True,headline,10000,10000,0.0,418,84,48.2005,28.088145,18.0,85.0,0.115312,3.3034,1.546593,0.0,0.573815,8.607232,0,0,0.463462
solo:weavers-brood,solo,elite,weavers-brood,,6,6,True,bare,10000,10000,0.0,218,44,59.1917,34.242505,22.0,104.0,0.271522,3.3062,1.538259,0.0017,1.345266,20.178989,0,0,0.462404
solo:weavers-brood,solo,elite,weavers-brood,,6,6,True,common-weapon,10000,10000,0.0,418,84,50.6735,29.010465,19.0,88.0,0.121228,3.3901,1.606649,0.0,0.603256,9.048839,0,0,0.449633
solo:weavers-brood,solo,elite,weavers-brood,,6,10,False,headline,10000,10000,0.0,468,94,7.1446,9.775341,0.0,21.0,0.015266,1.6989,0.461994,0.0,0.076006,1.140096,0,0,0.960975
solo:weavers-brood,solo,elite,weavers-brood,,6,10,False,bare,10000,10000,0.0,268,54,8.9097,12.112182,0.0,27.0,0.033245,1.6972,0.464233,0.0,0.164994,2.474917,0,0,0.961466
solo:weavers-brood,solo,elite,weavers-brood,,6,10,False,common-weapon,10000,10000,0.0,468,94,8.1429,10.393483,0.0,23.0,0.017399,1.7844,0.417033,0.0,0.086627,1.299399,0,0,0.951861
solo:whistler-below,solo,boss,whistler-below,,6,5,False,headline,10000,10000,0.0,404,81,227.7764,79.127069,135.0,334.0,0.563803,12.0623,3.773091,0.0294,2.812054,42.180815,0,0,0.362327
solo:whistler-below,solo,boss,whistler-below,,6,5,False,bare,10000,10000,0.0,204,41,280.7865,97.63678,168.0,410.0,1.376404,12.1529,3.799911,0.7803,6.848451,102.726768,4,6,0.359289
solo:whistler-below,solo,boss,whistler-below,,6,5,False,common-weapon,10000,10000,0.0,404,81,243.4882,80.828698,148.0,351.0,0.602694,12.6602,3.903324,0.0388,3.006027,45.090407,0,0,0.351535
solo:whistler-below,solo,boss,whistler-below,,6,6,True,headline,10000,10000,0.0,418,84,155.3407,56.195411,89.0,229.0,0.371628,9.4805,2.778852,0.0009,1.849294,27.739411,0,0,0.459659
solo:whistler-below,solo,boss,whistler-below,,6,6,True,bare,10000,10000,0.0,218,44,188.781,66.934915,111.0,277.0,0.865968,9.4258,2.695755,0.2959,4.290477,64.357159,1,2,0.46238
solo:whistler-below,solo,boss,whistler-below,,6,6,True,common-weapon,10000,10000,0.0,418,84,161.6734,56.293006,96.0,237.0,0.386778,9.663,2.800113,0.0006,1.924683,28.87025,0,0,0.453896
solo:whistler-below,solo,boss,whistler-below,,6,10,False,headline,10000,10000,0.0,468,94,19.17,16.877835,0.0,43.0,0.040962,4.1238,0.434366,0.0,0.203936,3.059043,0,0,0.962607
solo:whistler-below,solo,boss,whistler-below,,6,10,False,bare,10000,10000,0.0,268,54,23.4613,20.718386,0.0,54.0,0.087542,4.1122,0.436819,0.0,0.434469,6.517028,0,0,0.962867
solo:whistler-below,solo,boss,whistler-below,,6,10,False,common-weapon,10000,10000,0.0,468,94,21.3919,17.702353,0.0,46.0,0.045709,4.25,0.507445,0.0,0.227573,3.413601,0,0,0.949718
solo:whistlers-young,solo,normal,whistlers-young,,4,4,True,headline,10000,10000,0.0,393,79,31.3083,20.258066,8.0,58.0,0.079665,2.7887,1.388975,0.0,0.396308,5.944614,0,0,0.514433
solo:whistlers-young,solo,normal,whistlers-young,,4,4,True,bare,10000,10000,0.0,193,39,38.8214,25.572483,10.0,72.0,0.201147,2.8151,1.410784,0.0001,0.995421,14.931308,0,0,0.5073
solo:whistlers-young,solo,normal,whistlers-young,,4,4,True,common-weapon,10000,10000,0.0,393,79,34.2857,21.172711,10.0,61.0,0.087241,2.9797,1.41834,0.0,0.433996,6.509943,0,0,0.495419
solo:whistlers-young,solo,normal,whistlers-young,,4,5,False,headline,10000,10000,0.0,404,81,17.2381,13.955437,0.0,35.0,0.042669,2.0318,0.931444,0.0,0.212816,3.192241,0,0,0.666798
solo:whistlers-young,solo,normal,whistlers-young,,4,5,False,bare,10000,10000,0.0,204,41,21.516,17.317492,0.0,44.0,0.105471,2.0457,0.955935,0.0,0.52478,7.871707,0,0,0.66388
solo:whistlers-young,solo,normal,whistlers-young,,4,5,False,common-weapon,10000,10000,0.0,404,81,19.185,14.71283,0.0,38.0,0.047488,2.1628,0.970719,0.0,0.236852,3.552778,0,0,0.646523
solo:whistlers-young,solo,normal,whistlers-young,,4,10,False,headline,10000,10000,0.0,468,94,0.0,0.0,0.0,0.0,0.0,1.0,0.0,0.0,0.0,0.0,0,0,1.0
solo:whistlers-young,solo,normal,whistlers-young,,4,10,False,bare,10000,10000,0.0,268,54,0.0,0.0,0.0,0.0,0.0,1.0,0.0,0.0,0.0,0.0,0,0,1.0
solo:whistlers-young,solo,normal,whistlers-young,,4,10,False,common-weapon,10000,10000,0.0,468,94,0.0,0.0,0.0,0.0,0.0,1.0,0.0,0.0,0.0,0.0,0,0,1.0
solo:wild-boar,solo,elite,wild-boar,,3,3,True,headline,10000,10000,0.0,379,76,30.8743,19.446462,11.0,57.0,0.081463,3.3288,1.558361,0.0,0.406241,6.093612,0,0,0.460887
solo:wild-boar,solo,elite,wild-boar,,3,3,True,bare,10000,10000,0.0,179,36,37.5051,24.108127,13.0,69.0,0.209526,3.3124,1.551002,0.0002,1.041808,15.627125,0,0,0.459093
solo:wild-boar,solo,elite,wild-boar,,3,3,True,common-weapon,10000,10000,0.0,379,76,31.9651,19.766064,11.0,57.0,0.084341,3.3711,1.597243,0.0,0.420593,6.308901,0,0,0.452226
solo:wild-boar,solo,elite,wild-boar,,3,5,False,headline,10000,10000,0.0,404,81,10.4672,10.039827,0.0,25.0,0.025909,2.2738,0.713606,0.0,0.129225,1.93837,0,0,0.710441
solo:wild-boar,solo,elite,wild-boar,,3,5,False,bare,10000,10000,0.0,204,41,12.9111,12.409891,0.0,31.0,0.06329,2.2715,0.707381,0.0,0.314905,4.723573,0,0,0.712701
solo:wild-boar,solo,elite,wild-boar,,3,5,False,common-weapon,10000,10000,0.0,404,81,11.1932,10.495136,0.0,26.0,0.027706,2.3154,0.739272,0.0,0.138188,2.072815,0,0,0.698756
solo:wild-boar,solo,elite,wild-boar,,3,10,False,headline,10000,10000,0.0,468,94,0.0,0.0,0.0,0.0,0.0,1.0,0.0,0.0,0.0,0.0,0,0,1.0
solo:wild-boar,solo,elite,wild-boar,,3,10,False,bare,10000,10000,0.0,268,54,0.0,0.0,0.0,0.0,0.0,1.0,0.0,0.0,0.0,0.0,0,0,1.0
solo:wild-boar,solo,elite,wild-boar,,3,10,False,common-weapon,10000,10000,0.0,468,94,0.0,0.0,0.0,0.0,0.0,1.0,0.0,0.0,0.0,0.0,0,0,1.0
solo:windhome-hunter,solo,normal,windhome-hunter,,5,5,True,headline,10000,10000,0.0,404,81,27.5062,17.33535,7.0,49.0,0.068085,2.8113,1.145728,0.0,0.339583,5.093741,0,0,0.561555
solo:windhome-hunter,solo,normal,windhome-hunter,,5,5,True,bare,10000,10000,0.0,204,41,34.0231,21.616733,8.0,61.0,0.16678,2.8361,1.182809,0.0,0.829832,12.447476,0,0,0.556574
solo:windhome-hunter,solo,normal,windhome-hunter,,5,5,True,common-weapon,10000,10000,0.0,404,81,28.8872,17.916347,7.0,51.0,0.071503,2.8901,1.205911,0.0,0.356632,5.349481,0,0,0.546036
solo:windhome-hunter,solo,normal,windhome-hunter,,5,10,False,headline,10000,10000,0.0,468,94,0.7615,2.370869,0.0,0.0,0.001627,1.6538,0.475758,0.0,0.008101,0.121516,0,0,1.0
solo:windhome-hunter,solo,normal,windhome-hunter,,5,10,False,bare,10000,10000,0.0,268,54,0.8622,2.832704,0.0,0.0,0.003217,1.6456,0.478331,0.0,0.015967,0.2395,0,0,1.0
solo:windhome-hunter,solo,normal,windhome-hunter,,5,10,False,common-weapon,10000,10000,0.0,468,94,0.9757,2.710445,0.0,7.0,0.002085,1.7272,0.445399,0.0,0.01038,0.155697,0,0,1.0
solo:windhome-villager,solo,normal,windhome-villager,,4,4,True,headline,10000,10000,0.0,393,79,23.8406,17.777744,0.0,47.0,0.060663,2.7883,1.393371,0.0,0.30178,4.526696,0,0,0.51171
solo:windhome-villager,solo,normal,windhome-villager,,4,4,True,bare,10000,10000,0.0,193,39,29.7836,21.817708,0.0,57.0,0.154319,2.8154,1.392237,0.0,0.763682,11.455231,0,0,0.50959
solo:windhome-villager,solo,normal,windhome-villager,,4,4,True,common-weapon,10000,10000,0.0,393,79,26.2612,18.060354,0.0,50.0,0.066822,2.9401,1.437467,0.0,0.33242,4.986304,0,0,0.499847
solo:windhome-villager,solo,normal,windhome-villager,,4,5,False,headline,10000,10000,0.0,404,81,11.5603,12.363663,0.0,28.0,0.028615,2.0372,0.947321,0.0,0.14272,2.140796,0,0,0.662772
solo:windhome-villager,solo,normal,windhome-villager,,4,5,False,bare,10000,10000,0.0,204,41,13.9709,15.270116,0.0,35.0,0.068485,2.0246,0.957285,0.0,0.340754,5.111305,0,0,0.664378
solo:windhome-villager,solo,normal,windhome-villager,,4,5,False,common-weapon,10000,10000,0.0,404,81,13.208,12.951198,0.0,30.0,0.032693,2.1717,0.996503,0.0,0.163062,2.445926,0,0,0.643827
solo:windhome-villager,solo,normal,windhome-villager,,4,10,False,headline,10000,10000,0.0,468,94,0.0,0.0,0.0,0.0,0.0,1.0,0.0,0.0,0.0,0.0,0,0,1.0
solo:windhome-villager,solo,normal,windhome-villager,,4,10,False,bare,10000,10000,0.0,268,54,0.0,0.0,0.0,0.0,0.0,1.0,0.0,0.0,0.0,0.0,0,0,1.0
solo:windhome-villager,solo,normal,windhome-villager,,4,10,False,common-weapon,10000,10000,0.0,468,94,0.0,0.0,0.0,0.0,0.0,1.0,0.0,0.0,0.0,0.0,0,0,1.0
solo:young-mountain-lion,solo,normal,young-mountain-lion,,2,2,True,headline,10000,10000,0.0,368,74,4.7625,7.35544,0.0,16.0,0.012942,1.7083,1.019123,0.0,0.064358,0.965372,0,0,0.559855
solo:young-mountain-lion,solo,normal,young-mountain-lion,,2,2,True,bare,10000,10000,0.0,168,34,5.9341,9.182731,0.0,19.0,0.035322,1.7119,1.029999,0.0,0.174532,2.617985,0,0,0.55786
solo:young-mountain-lion,solo,normal,young-mountain-lion,,2,2,True,common-weapon,10000,10000,0.0,368,74,5.1558,7.594401,0.0,16.0,0.01401,1.7297,1.028512,0.0,0.069673,1.045095,0,0,0.550616
solo:young-mountain-lion,solo,normal,young-mountain-lion,,2,5,False,headline,10000,10000,0.0,404,81,0.0656,0.64583,0.0,0.0,0.000162,1.0369,0.188516,0.0,0.00081,0.012148,0,0,0.962581
solo:young-mountain-lion,solo,normal,young-mountain-lion,,2,5,False,bare,10000,10000,0.0,204,41,0.0972,0.904628,0.0,0.0,0.000476,1.0417,0.199903,0.0,0.002371,0.035561,0,0,0.957377
solo:young-mountain-lion,solo,normal,young-mountain-lion,,2,5,False,common-weapon,10000,10000,0.0,404,81,0.0888,0.778277,0.0,0.0,0.00022,1.0491,0.216077,0.0,0.001096,0.016444,0,0,0.951578
solo:young-mountain-lion,solo,normal,young-mountain-lion,,2,10,False,headline,10000,10000,0.0,468,94,0.0,0.0,0.0,0.0,0.0,1.0,0.0,0.0,0.0,0.0,0,0,1.0
solo:young-mountain-lion,solo,normal,young-mountain-lion,,2,10,False,bare,10000,10000,0.0,268,54,0.0,0.0,0.0,0.0,0.0,1.0,0.0,0.0,0.0,0.0,0,0,1.0
solo:young-mountain-lion,solo,normal,young-mountain-lion,,2,10,False,common-weapon,10000,10000,0.0,468,94,0.0,0.0,0.0,0.0,0.0,1.0,0.0,0.0,0.0,0.0,0,0,1.0
room:cave-spider+cave-spider,multi-aggro,multi-aggro,cave-spider+cave-spider,The Entry Cleft,2,2,True,headline,10000,10000,0.0,368,74,19.6261,12.012414,7.0,35.0,0.053332,3.3945,1.425437,0.0,0.265218,3.978264,0,0,0.562557
room:cave-spider+cave-spider,multi-aggro,multi-aggro,cave-spider+cave-spider,The Entry Cleft,2,2,True,bare,10000,10000,0.0,168,34,24.5869,14.785008,8.0,44.0,0.146351,3.4144,1.444809,0.0,0.723144,10.847162,0,0,0.559659
room:cave-spider+cave-spider,multi-aggro,multi-aggro,cave-spider+cave-spider,The Entry Cleft,2,2,True,common-weapon,10000,10000,0.0,368,74,21.4433,12.658269,7.0,38.0,0.05827,3.5053,1.498323,0.0,0.289774,4.346615,0,0,0.543919
room:cave-spider+cave-spider,multi-aggro,multi-aggro,cave-spider+cave-spider,The Entry Cleft,2,5,False,headline,10000,10000,0.0,404,81,2.7467,3.625733,0.0,8.0,0.006799,2.0435,0.2069,0.0,0.03391,0.508648,0,0,0.962907
room:cave-spider+cave-spider,multi-aggro,multi-aggro,cave-spider+cave-spider,The Entry Cleft,2,5,False,bare,10000,10000,0.0,204,41,3.6097,4.506436,0.0,10.0,0.017695,2.0467,0.216146,0.0,0.088041,1.320622,0,0,0.959887
room:cave-spider+cave-spider,multi-aggro,multi-aggro,cave-spider+cave-spider,The Entry Cleft,2,5,False,common-weapon,10000,10000,0.0,404,81,3.2891,3.931809,0.0,8.0,0.008141,2.0642,0.250356,0.0,0.040606,0.609093,0,0,0.950925
room:cave-spider+cave-spider,multi-aggro,multi-aggro,cave-spider+cave-spider,The Entry Cleft,2,10,False,headline,10000,10000,0.0,468,94,0.0,0.0,0.0,0.0,0.0,2.0,0.0,0.0,0.0,0.0,0,0,1.0
room:cave-spider+cave-spider,multi-aggro,multi-aggro,cave-spider+cave-spider,The Entry Cleft,2,10,False,bare,10000,10000,0.0,268,54,0.0,0.0,0.0,0.0,0.0,2.0,0.0,0.0,0.0,0.0,0,0,1.0
room:cave-spider+cave-spider,multi-aggro,multi-aggro,cave-spider+cave-spider,The Entry Cleft,2,10,False,common-weapon,10000,10000,0.0,468,94,0.0,0.0,0.0,0.0,0.0,2.0,0.0,0.0,0.0,0.0,0,0,1.0
room:cave-centipede+cave-spider,multi-aggro,multi-aggro,cave-centipede+cave-spider,The Silk Gallery,3,3,True,headline,10000,10000,0.0,379,76,23.726,13.616737,8.0,42.0,0.062602,3.0776,1.19565,0.0,0.312184,4.682763,0,0,0.62578
room:cave-centipede+cave-spider,multi-aggro,multi-aggro,cave-centipede+cave-spider,The Silk Gallery,3,3,True,bare,10000,10000,0.0,179,36,28.7946,16.729955,10.0,50.0,0.160864,3.0515,1.203515,0.0,0.79985,11.99775,0,0,0.633098
room:cave-centipede+cave-spider,multi-aggro,multi-aggro,cave-centipede+cave-spider,The Silk Gallery,3,3,True,common-weapon,10000,10000,0.0,379,76,25.2007,14.204296,9.0,44.0,0.066493,3.1388,1.248733,0.0,0.331588,4.973822,0,0,0.611794
room:cave-centipede+cave-spider,multi-aggro,multi-aggro,cave-centipede+cave-spider,The Silk Gallery,3,5,False,headline,10000,10000,0.0,404,81,7.952,7.534938,0.0,18.0,0.019683,2.2209,0.457934,0.0,0.098173,1.472593,0,0,0.882075
room:cave-centipede+cave-spider,multi-aggro,multi-aggro,cave-centipede+cave-spider,The Silk Gallery,3,5,False,bare,10000,10000,0.0,204,41,9.8234,9.08994,0.0,22.0,0.048154,2.2182,0.461507,0.0,0.239595,3.593927,0,0,0.882608
room:cave-centipede+cave-spider,multi-aggro,multi-aggro,cave-centipede+cave-spider,The Silk Gallery,3,5,False,common-weapon,10000,10000,0.0,404,81,8.7712,7.785567,0.0,19.0,0.021711,2.2462,0.486195,0.0,0.108286,1.624296,0,0,0.873386
room:cave-centipede+cave-spider,multi-aggro,multi-aggro,cave-centipede+cave-spider,The Silk Gallery,3,10,False,headline,10000,10000,0.0,468,94,0.0,0.0,0.0,0.0,0.0,2.0,0.0,0.0,0.0,0.0,0,0,1.0
room:cave-centipede+cave-spider,multi-aggro,multi-aggro,cave-centipede+cave-spider,The Silk Gallery,3,10,False,bare,10000,10000,0.0,268,54,0.0,0.0,0.0,0.0,0.0,2.0,0.0,0.0,0.0,0.0,0,0,1.0
room:cave-centipede+cave-spider,multi-aggro,multi-aggro,cave-centipede+cave-spider,The Silk Gallery,3,10,False,common-weapon,10000,10000,0.0,468,94,0.0,0.0,0.0,0.0,0.0,2.0,0.0,0.0,0.0,0.0,0,0,1.0
room:cave-beetle+cave-centipede,multi-aggro,multi-aggro,cave-beetle+cave-centipede,The Choke,3,3,True,headline,10000,10000,0.0,379,76,35.4608,21.054659,12.0,64.0,0.093564,3.528,1.487823,0.0,0.466589,6.998842,0,0,0.557823
room:cave-beetle+cave-centipede,multi-aggro,multi-aggro,cave-beetle+cave-centipede,The Choke,3,3,True,bare,10000,10000,0.0,179,36,43.2755,25.755112,15.0,78.0,0.241763,3.5288,1.493108,0.0005,1.202097,18.031458,0,0,0.558689
room:cave-beetle+cave-centipede,multi-aggro,multi-aggro,cave-beetle+cave-centipede,The Choke,3,3,True,common-weapon,10000,10000,0.0,379,76,38.1436,21.781561,13.0,67.0,0.100643,3.6733,1.543816,0.0,0.501889,7.528342,0,0,0.548009
room:cave-beetle+cave-centipede,multi-aggro,multi-aggro,cave-beetle+cave-centipede,The Choke,3,5,False,headline,10000,10000,0.0,404,81,11.7314,9.74298,0.0,25.0,0.029038,2.4107,0.625,0.0,0.144832,2.172481,0,0,0.808396
room:cave-beetle+cave-centipede,multi-aggro,multi-aggro,cave-beetle+cave-centipede,The Choke,3,5,False,bare,10000,10000,0.0,204,41,14.4103,11.881303,0.0,30.0,0.070639,2.4012,0.620192,0.0,0.351471,5.272061,0,0,0.811719
room:cave-beetle+cave-centipede,multi-aggro,multi-aggro,cave-beetle+cave-centipede,The Choke,3,5,False,common-weapon,10000,10000,0.0,404,81,12.7521,10.068875,0.0,26.0,0.031565,2.4326,0.648889,0.0,0.157433,2.3615,0,0,0.802393
room:cave-beetle+cave-centipede,multi-aggro,multi-aggro,cave-beetle+cave-centipede,The Choke,3,10,False,headline,10000,10000,0.0,468,94,0.0,0.0,0.0,0.0,0.0,2.0,0.0,0.0,0.0,0.0,0,0,1.0
room:cave-beetle+cave-centipede,multi-aggro,multi-aggro,cave-beetle+cave-centipede,The Choke,3,10,False,bare,10000,10000,0.0,268,54,0.0,0.0,0.0,0.0,0.0,2.0,0.0,0.0,0.0,0.0,0,0,1.0
room:cave-beetle+cave-centipede,multi-aggro,multi-aggro,cave-beetle+cave-centipede,The Choke,3,10,False,common-weapon,10000,10000,0.0,468,94,0.0,0.0,0.0,0.0,0.0,2.0,0.0,0.0,0.0,0.0,0,0,1.0
boss:silk-matron,boss-group,boss,silk-matron+matrons-brood+matrons-brood,The Matron's Larder,3,3,True,headline,10000,10000,0.0,379,76,107.8723,34.199623,67.0,153.0,0.284623,9.813,2.553004,0.0,1.419372,21.290586,0,0,0.531835
boss:silk-matron,boss-group,boss,silk-matron+matrons-brood+matrons-brood,The Matron's Larder,3,3,True,bare,10000,10000,0.0,179,36,132.8947,41.438789,84.0,189.0,0.742428,9.7931,2.523627,0.1378,3.691519,55.372792,0,0,0.532793
boss:silk-matron,boss-group,boss,silk-matron+matrons-brood+matrons-brood,The Matron's Larder,3,3,True,common-weapon,10000,10000,0.0,379,76,115.1122,34.292757,75.0,161.0,0.303726,10.1748,2.606731,0.0,1.514634,22.719513,0,0,0.519627
boss:silk-matron,boss-group,boss,silk-matron+matrons-brood+matrons-brood,The Matron's Larder,3,5,False,headline,10000,10000,0.0,404,81,43.0829,18.671048,20.0,68.0,0.106641,6.5181,1.115559,0.0,0.531888,7.978315,0,0,0.790414
boss:silk-matron,boss-group,boss,silk-matron+matrons-brood+matrons-brood,The Matron's Larder,3,5,False,bare,10000,10000,0.0,204,41,53.1245,22.892523,24.0,84.0,0.260414,6.5189,1.118232,0.0,1.29572,19.435793,0,0,0.789336
boss:silk-matron,boss-group,boss,silk-matron+matrons-brood+matrons-brood,The Matron's Larder,3,5,False,common-weapon,10000,10000,0.0,404,81,46.71,18.85409,23.0,71.0,0.115619,6.7066,1.152613,0.0,0.576667,8.65,0,0,0.775937
boss:silk-matron,boss-group,boss,silk-matron+matrons-brood+matrons-brood,The Matron's Larder,3,10,False,headline,10000,10000,0.0,468,94,0.0,0.0,0.0,0.0,0.0,4.6909,0.462122,0.0,0.0,0.0,0,0,1.0
boss:silk-matron,boss-group,boss,silk-matron+matrons-brood+matrons-brood,The Matron's Larder,3,10,False,bare,10000,10000,0.0,268,54,0.0,0.0,0.0,0.0,0.0,4.7008,0.457908,0.0,0.0,0.0,0,0,1.0
boss:silk-matron,boss-group,boss,silk-matron+matrons-brood+matrons-brood,The Matron's Larder,3,10,False,common-weapon,10000,10000,0.0,468,94,0.0,0.0,0.0,0.0,0.0,4.7379,0.439777,0.0,0.0,0.0,0,0,1.0
room:giant-cave-centipede+giant-cave-centipede,multi-aggro,multi-aggro,giant-cave-centipede+giant-cave-centipede,The Whistle Throat;The Honeycomb Walls,5,5,True,headline,10000,10000,0.0,404,81,95.7694,38.762606,51.0,147.0,0.237053,5.5953,1.598911,0.0,1.182338,17.735074,0,0,0.564563
room:giant-cave-centipede+giant-cave-centipede,multi-aggro,multi-aggro,giant-cave-centipede+giant-cave-centipede,The Whistle Throat;The Honeycomb Walls,5,5,True,bare,10000,10000,0.0,204,41,116.8788,47.897905,62.0,179.0,0.572935,5.6128,1.60171,0.0506,2.850702,42.760537,0,0,0.563747
room:giant-cave-centipede+giant-cave-centipede,multi-aggro,multi-aggro,giant-cave-centipede+giant-cave-centipede,The Whistle Throat;The Honeycomb Walls,5,5,True,common-weapon,10000,10000,0.0,404,81,99.687,39.846368,53.0,153.0,0.24675,5.7066,1.645332,0.0,1.230704,18.460556,0,0,0.551659
room:giant-cave-centipede+giant-cave-centipede,multi-aggro,multi-aggro,giant-cave-centipede+giant-cave-centipede,The Whistle Throat;The Honeycomb Walls,5,10,False,headline,10000,10000,0.0,468,94,2.9783,4.992658,0.0,10.0,0.006364,3.3132,0.672537,0.0,0.031684,0.475261,0,0,1.0
room:giant-cave-centipede+giant-cave-centipede,multi-aggro,multi-aggro,giant-cave-centipede+giant-cave-centipede,The Whistle Throat;The Honeycomb Walls,5,10,False,bare,10000,10000,0.0,268,54,3.5431,6.038555,0.0,12.0,0.013221,3.3128,0.671086,0.0,0.065613,0.984194,0,0,1.0
room:giant-cave-centipede+giant-cave-centipede,multi-aggro,multi-aggro,giant-cave-centipede+giant-cave-centipede,The Whistle Throat;The Honeycomb Walls,5,10,False,common-weapon,10000,10000,0.0,468,94,3.9278,5.815908,0.0,11.0,0.008393,3.4614,0.625388,0.0,0.041785,0.626777,0,0,1.0
room:giant-cave-spider+giant-cave-spider,multi-aggro,multi-aggro,giant-cave-spider+giant-cave-spider,The Bone Niche;The Husk Pile,4,4,True,headline,10000,10000,0.0,393,79,92.4485,37.411447,50.0,141.0,0.235238,6.1089,1.904112,0.0,1.170234,17.553513,0,0,0.510305
room:giant-cave-spider+giant-cave-spider,multi-aggro,multi-aggro,giant-cave-spider+giant-cave-spider,The Bone Niche;The Husk Pile,4,4,True,bare,10000,10000,0.0,193,39,113.6229,47.042915,61.0,175.0,0.58872,6.0786,1.911863,0.0618,2.913408,43.701115,0,0,0.511861
room:giant-cave-spider+giant-cave-spider,multi-aggro,multi-aggro,giant-cave-spider+giant-cave-spider,The Bone Niche;The Husk Pile,4,4,True,common-weapon,10000,10000,0.0,393,79,97.0256,38.665304,53.0,149.0,0.246884,6.2054,1.960462,0.0,1.228172,18.422582,0,0,0.498904
room:giant-cave-spider+giant-cave-spider,multi-aggro,multi-aggro,giant-cave-spider+giant-cave-spider,The Bone Niche;The Husk Pile,4,5,False,headline,10000,10000,0.0,404,81,56.5912,25.019926,27.0,89.0,0.140077,4.8815,1.210809,0.0,0.698657,10.479852,0,0,0.659347
room:giant-cave-spider+giant-cave-spider,multi-aggro,multi-aggro,giant-cave-spider+giant-cave-spider,The Bone Niche;The Husk Pile,4,5,False,bare,10000,10000,0.0,204,41,69.5848,30.719277,33.0,110.0,0.341102,4.8491,1.194039,0.001,1.69719,25.457854,0,0,0.661442
room:giant-cave-spider+giant-cave-spider,multi-aggro,multi-aggro,giant-cave-spider+giant-cave-spider,The Bone Niche;The Husk Pile,4,5,False,common-weapon,10000,10000,0.0,404,81,59.4705,25.495284,29.0,92.0,0.147204,4.946,1.237935,0.0,0.734204,11.013056,0,0,0.649171
room:giant-cave-spider+giant-cave-spider,multi-aggro,multi-aggro,giant-cave-spider+giant-cave-spider,The Bone Niche;The Husk Pile,4,10,False,headline,10000,10000,0.0,468,94,0.0,0.0,0.0,0.0,0.0,2.0,0.0,0.0,0.0,0.0,0,0,1.0
room:giant-cave-spider+giant-cave-spider,multi-aggro,multi-aggro,giant-cave-spider+giant-cave-spider,The Bone Niche;The Husk Pile,4,10,False,bare,10000,10000,0.0,268,54,0.0,0.0,0.0,0.0,0.0,2.0,0.0,0.0,0.0,0.0,0,0,1.0
room:giant-cave-spider+giant-cave-spider,multi-aggro,multi-aggro,giant-cave-spider+giant-cave-spider,The Bone Niche;The Husk Pile,4,10,False,common-weapon,10000,10000,0.0,468,94,0.0,0.0,0.0,0.0,0.0,2.0,0.0,0.0,0.0,0.0,0,0,1.0
room:giant-cave-beetle+giant-cave-centipede,multi-aggro,multi-aggro,giant-cave-beetle+giant-cave-centipede,The Deep Hum;The Larder Shaft,5,5,True,headline,10000,10000,0.0,404,81,102.9137,42.25965,54.0,158.0,0.254737,5.9654,1.776683,0.0,1.27054,19.058093,0,0,0.562326
room:giant-cave-beetle+giant-cave-centipede,multi-aggro,multi-aggro,giant-cave-beetle+giant-cave-centipede,The Deep Hum;The Larder Shaft,5,5,True,bare,10000,10000,0.0,204,41,126.2656,50.70077,67.0,193.0,0.618949,5.956,1.761665,0.0762,3.079649,46.194732,0,0,0.564036
room:giant-cave-beetle+giant-cave-centipede,multi-aggro,multi-aggro,giant-cave-beetle+giant-cave-centipede,The Deep Hum;The Larder Shaft,5,5,True,common-weapon,10000,10000,0.0,404,81,108.7444,42.67677,59.0,165.0,0.269169,6.1655,1.828745,0.0001,1.342523,20.137852,0,0,0.54792
room:giant-cave-beetle+giant-cave-centipede,multi-aggro,multi-aggro,giant-cave-beetle+giant-cave-centipede,The Deep Hum;The Larder Shaft,5,10,False,headline,10000,10000,0.0,468,94,3.1157,5.236594,0.0,10.0,0.006657,3.4848,0.603795,0.0,0.033146,0.497186,0,0,1.0
room:giant-cave-beetle+giant-cave-centipede,multi-aggro,multi-aggro,giant-cave-beetle+giant-cave-centipede,The Deep Hum;The Larder Shaft,5,10,False,bare,10000,10000,0.0,268,54,3.8472,6.319767,0.0,12.0,0.014355,3.4748,0.610545,0.0,0.071244,1.068667,0,0,1.0
room:giant-cave-beetle+giant-cave-centipede,multi-aggro,multi-aggro,giant-cave-beetle+giant-cave-centipede,The Deep Hum;The Larder Shaft,5,10,False,common-weapon,10000,10000,0.0,468,94,3.9668,5.905176,0.0,11.0,0.008476,3.5523,0.58657,0.0,0.0422,0.633,0,0,1.0
boss:whistler-below,boss-group,boss,whistler-below+whistlers-young+whistlers-young,The Whistler's Hollow,6,5,False,headline,10000,10000,0.0,404,81,356.8139,96.05231,241.0,483.0,0.883203,16.159,4.054864,0.287,4.40511,66.076648,1,3,0.4365
boss:whistler-below,boss-group,boss,whistler-below+whistlers-young+whistlers-young,The Whistler's Hollow,6,5,False,bare,10000,10000,0.0,204,41,440.3085,117.618491,299.0,596.0,2.158375,16.1851,4.069378,0.9932,10.739232,161.088476,8,12,0.436327
boss:whistler-below,boss-group,boss,whistler-below+whistlers-young+whistlers-young,The Whistler's Hollow,6,5,False,common-weapon,10000,10000,0.0,404,81,383.8167,97.126495,267.0,512.0,0.950041,16.9618,4.168446,0.3848,4.738478,71.077167,1,4,0.427537
boss:whistler-below,boss-group,boss,whistler-below+whistlers-young+whistlers-young,The Whistler's Hollow,6,6,True,headline,10000,10000,0.0,418,84,235.1934,67.699462,154.0,324.0,0.562664,12.4414,2.956546,0.0111,2.799921,41.998821,0,0,0.536877
boss:whistler-below,boss-group,boss,whistler-below+whistlers-young+whistlers-young,The Whistler's Hollow,6,6,True,bare,10000,10000,0.0,218,44,289.7534,81.638801,191.0,398.0,1.329144,12.4924,2.900611,0.8129,6.585305,98.779568,3,6,0.534181
boss:whistler-below,boss-group,boss,whistler-below+whistlers-young+whistlers-young,The Whistler's Hollow,6,6,True,common-weapon,10000,10000,0.0,418,84,251.7184,67.956753,170.0,341.0,0.602197,12.9579,3.004485,0.0169,2.996648,44.949714,0,0,0.526513
boss:whistler-below,boss-group,boss,whistler-below+whistlers-young+whistlers-young,The Whistler's Hollow,6,10,False,headline,10000,10000,0.0,468,94,28.4129,20.779437,0.0,57.0,0.060711,6.1262,0.436204,0.0,0.302265,4.533973,0,0,0.973687
boss:whistler-below,boss-group,boss,whistler-below+whistlers-young+whistlers-young,The Whistler's Hollow,6,10,False,bare,10000,10000,0.0,268,54,34.5784,25.226761,0.0,69.0,0.129024,6.1221,0.428709,0.0,0.640341,9.605111,0,0,0.974911
boss:whistler-below,boss-group,boss,whistler-below+whistlers-young+whistlers-young,The Whistler's Hollow,6,10,False,common-weapon,10000,10000,0.0,468,94,31.6971,21.303576,0.0,60.0,0.067729,6.2453,0.504508,0.0,0.337203,5.058048,0,0,0.965318
room:giant-cave-beetle+giant-cave-beetle,multi-aggro,multi-aggro,giant-cave-beetle+giant-cave-beetle,The Drop;The Droneway;The Low Chamber,5,5,True,headline,10000,10000,0.0,404,81,111.9646,45.841758,59.0,171.0,0.27714,6.3069,1.903815,0.0,1.382279,20.734185,0,0,0.561988
room:giant-cave-beetle+giant-cave-beetle,multi-aggro,multi-aggro,giant-cave-beetle+giant-cave-beetle,The Drop;The Droneway;The Low Chamber,5,5,True,bare,10000,10000,0.0,204,41,138.2949,56.667705,73.0,213.0,0.677916,6.3075,1.891281,0.1236,3.373046,50.595695,0,0,0.56279
room:giant-cave-beetle+giant-cave-beetle,multi-aggro,multi-aggro,giant-cave-beetle+giant-cave-beetle,The Drop;The Droneway;The Low Chamber,5,5,True,common-weapon,10000,10000,0.0,404,81,119.9103,46.797804,66.0,183.0,0.296808,6.5525,1.950652,0.0,1.480374,22.205611,0,0,0.551347
room:giant-cave-beetle+giant-cave-beetle,multi-aggro,multi-aggro,giant-cave-beetle+giant-cave-beetle,The Drop;The Droneway;The Low Chamber,5,10,False,headline,10000,10000,0.0,468,94,3.2629,5.343106,0.0,11.0,0.006972,3.6509,0.538172,0.0,0.034712,0.520676,0,0,1.0
room:giant-cave-beetle+giant-cave-beetle,multi-aggro,multi-aggro,giant-cave-beetle+giant-cave-beetle,The Drop;The Droneway;The Low Chamber,5,10,False,bare,10000,10000,0.0,268,54,3.9823,6.48094,0.0,13.0,0.014859,3.6416,0.541987,0.0,0.073746,1.106194,0,0,1.0
room:giant-cave-beetle+giant-cave-beetle,multi-aggro,multi-aggro,giant-cave-beetle+giant-cave-beetle,The Drop;The Droneway;The Low Chamber,5,10,False,common-weapon,10000,10000,0.0,468,94,3.9495,5.862862,0.0,11.0,0.008439,3.6668,0.527236,0.0,0.042016,0.630239,0,0,1.0
room:giant-cave-beetle+giant-cave-spider,multi-aggro,multi-aggro,giant-cave-beetle+giant-cave-spider,The Buzzing Dark,5,5,True,headline,10000,10000,0.0,404,81,84.8811,34.143977,44.0,130.0,0.210102,5.6021,1.584669,0.0,1.047915,15.718722,0,0,0.602899
room:giant-cave-beetle+giant-cave-spider,multi-aggro,multi-aggro,giant-cave-beetle+giant-cave-spider,The Buzzing Dark,5,5,True,bare,10000,10000,0.0,204,41,105.3025,41.902365,56.0,160.0,0.516189,5.6037,1.580584,0.0222,2.568354,38.525305,0,0,0.606153
room:giant-cave-beetle+giant-cave-spider,multi-aggro,multi-aggro,giant-cave-beetle+giant-cave-spider,The Buzzing Dark,5,5,True,common-weapon,10000,10000,0.0,404,81,89.4827,34.66732,48.0,135.0,0.221492,5.7129,1.644468,0.0,1.104725,16.57087,0,0,0.595442
room:giant-cave-beetle+giant-cave-spider,multi-aggro,multi-aggro,giant-cave-beetle+giant-cave-spider,The Buzzing Dark,5,10,False,headline,10000,10000,0.0,468,94,1.6679,3.790753,0.0,9.0,0.003564,2.8256,0.379453,0.0,0.017744,0.266154,0,0,1.0
room:giant-cave-beetle+giant-cave-spider,multi-aggro,multi-aggro,giant-cave-beetle+giant-cave-spider,The Buzzing Dark,5,10,False,bare,10000,10000,0.0,268,54,2.1451,4.758513,0.0,11.0,0.008004,2.8236,0.38116,0.0,0.039724,0.595861,0,0,1.0
room:giant-cave-beetle+giant-cave-spider,multi-aggro,multi-aggro,giant-cave-beetle+giant-cave-spider,The Buzzing Dark,5,10,False,common-weapon,10000,10000,0.0,468,94,2.1173,4.331898,0.0,10.0,0.004524,2.836,0.370276,0.0,0.022524,0.337867,0,0,1.0
boss:dronemother,boss-group,boss,dronemother+dronemothers-swarm+dronemothers-swarm,The Dronemother's Vault,6,5,False,headline,10000,10000,0.0,404,81,427.9558,103.893451,304.0,565.0,1.059297,17.8725,4.086911,0.5617,5.283405,79.251074,2,5,0.442563
boss:dronemother,boss-group,boss,dronemother+dronemothers-swarm+dronemothers-swarm,The Dronemother's Vault,6,5,False,bare,10000,10000,0.0,204,41,524.7952,127.78091,372.0,695.0,2.572525,17.8433,4.101432,0.9997,12.799883,191.998244,10,15,0.443668
boss:dronemother,boss-group,boss,dronemother+dronemothers-swarm+dronemothers-swarm,The Dronemother's Vault,6,5,False,common-weapon,10000,10000,0.0,404,81,450.5744,104.032221,323.0,588.0,1.115283,18.5254,4.211835,0.6493,5.562647,83.439704,2,6,0.430128
boss:dronemother,boss-group,boss,dronemother+dronemothers-swarm+dronemothers-swarm,The Dronemother's Vault,6,6,True,headline,10000,10000,0.0,418,84,297.4062,73.909869,207.0,393.0,0.711498,14.3467,2.961503,0.0628,3.54055,53.10825,0,0,0.55173
boss:dronemother,boss-group,boss,dronemother+dronemothers-swarm+dronemothers-swarm,The Dronemother's Vault,6,6,True,bare,10000,10000,0.0,218,44,365.0303,91.137939,255.0,483.0,1.674451,14.3181,2.981797,0.9634,8.296143,124.442148,5,9,0.553251
boss:dronemother,boss-group,boss,dronemother+dronemothers-swarm+dronemothers-swarm,The Dronemother's Vault,6,6,True,common-weapon,10000,10000,0.0,418,84,314.6142,73.612951,225.0,412.0,0.752666,14.8763,3.044372,0.0884,3.745407,56.181107,1,1,0.53715
boss:dronemother,boss-group,boss,dronemother+dronemothers-swarm+dronemothers-swarm,The Dronemother's Vault,6,10,False,headline,10000,10000,0.0,468,94,35.0879,24.162752,3.0,69.0,0.074974,7.0709,0.788336,0.0,0.373276,5.599133,0,0,0.974756
boss:dronemother,boss-group,boss,dronemother+dronemothers-swarm+dronemothers-swarm,The Dronemother's Vault,6,10,False,bare,10000,10000,0.0,268,54,42.9797,29.474194,6.0,83.0,0.160372,7.082,0.784395,0.0,0.79592,11.938806,0,0,0.975134
boss:dronemother,boss-group,boss,dronemother+dronemothers-swarm+dronemothers-swarm,The Dronemother's Vault,6,10,False,common-weapon,10000,10000,0.0,468,94,39.3275,25.16835,10.0,73.0,0.084033,7.2728,0.830891,0.0,0.418378,6.275665,0,0,0.967935
room:prowling-mountain-lion+prowling-mountain-lion,multi-aggro,multi-aggro,prowling-mountain-lion+prowling-mountain-lion,The Lion's Backyard,9,5,False,headline,10000,10000,0.0,404,81,4412.5667,1593.871869,2564.0,6557.0,10.922195,91.2532,31.476726,1.0,54.476132,817.141981,51,165,0.0
room:prowling-mountain-lion+prowling-mountain-lion,multi-aggro,multi-aggro,prowling-mountain-lion+prowling-mountain-lion,The Lion's Backyard,9,5,False,bare,10000,10000,0.0,204,41,5424.7908,1940.725123,3142.0,8043.0,26.592112,91.3189,31.068077,1.0,132.311971,1984.679561,129,211,0.0
room:prowling-mountain-lion+prowling-mountain-lion,multi-aggro,multi-aggro,prowling-mountain-lion+prowling-mountain-lion,The Lion's Backyard,9,5,False,common-weapon,10000,10000,0.0,404,81,4848.9695,1547.071957,3030.0,6912.0,12.0024,100.1964,30.336909,1.0,59.863821,897.957315,57,182,0.0
room:prowling-mountain-lion+prowling-mountain-lion,multi-aggro,multi-aggro,prowling-mountain-lion+prowling-mountain-lion,The Lion's Backyard,9,9,True,headline,10000,10000,0.0,454,91,259.8871,100.87977,145.0,395.0,0.572439,7.9785,2.546024,0.0469,2.855902,42.838533,0,0,0.462343
room:prowling-mountain-lion+prowling-mountain-lion,multi-aggro,multi-aggro,prowling-mountain-lion+prowling-mountain-lion,The Lion's Backyard,9,9,True,bare,10000,10000,0.0,254,51,319.4362,123.11998,178.0,486.0,1.257623,7.9823,2.566396,0.673,6.263455,93.951824,3,6,0.461997
room:prowling-mountain-lion+prowling-mountain-lion,multi-aggro,multi-aggro,prowling-mountain-lion+prowling-mountain-lion,The Lion's Backyard,9,9,True,common-weapon,10000,10000,0.0,454,91,274.29,103.593665,156.0,410.0,0.604163,8.2566,2.651482,0.0584,3.014176,45.212637,0,0,0.451118
room:prowling-mountain-lion+prowling-mountain-lion,multi-aggro,multi-aggro,prowling-mountain-lion+prowling-mountain-lion,The Lion's Backyard,9,10,False,headline,10000,10000,0.0,468,94,182.9523,72.634833,99.0,279.0,0.390924,6.6066,1.8959,0.0014,1.946301,29.194516,0,0,0.566509
room:prowling-mountain-lion+prowling-mountain-lion,multi-aggro,multi-aggro,prowling-mountain-lion+prowling-mountain-lion,The Lion's Backyard,9,10,False,bare,10000,10000,0.0,268,54,225.0879,88.087397,124.0,340.0,0.83988,6.6363,1.923544,0.2778,4.168294,62.524417,1,1,0.563205
room:prowling-mountain-lion+prowling-mountain-lion,multi-aggro,multi-aggro,prowling-mountain-lion+prowling-mountain-lion,The Lion's Backyard,9,10,False,common-weapon,10000,10000,0.0,468,94,191.977,74.291279,107.0,290.0,0.410207,6.7723,1.996761,0.0028,2.042309,30.634628,0,0,0.552353
room:territorial-brown-bear+territorial-brown-bear,multi-aggro,multi-aggro,territorial-brown-bear+territorial-brown-bear,Bear's Hollow,9,5,False,headline,10000,10000,0.0,404,81,5292.4015,1870.819131,3083.0,7799.0,13.100004,98.7091,33.279328,1.0,65.33829,980.074352,62,200,0.0
room:territorial-brown-bear+territorial-brown-bear,multi-aggro,multi-aggro,territorial-brown-bear+territorial-brown-bear,Bear's Hollow,9,5,False,bare,10000,10000,0.0,204,41,6513.3881,2288.389365,3796.0,9610.0,31.928373,98.888,33.236011,1.0,158.863124,2382.946866,156,255,0.0
room:territorial-brown-bear+territorial-brown-bear,multi-aggro,multi-aggro,territorial-brown-bear+territorial-brown-bear,Bear's Hollow,9,5,False,common-weapon,10000,10000,0.0,404,81,6073.3387,1851.724073,3867.0,8558.0,15.033017,113.2657,32.612174,1.0,74.97949,1124.692352,72,231,0.0
room:territorial-brown-bear+territorial-brown-bear,multi-aggro,multi-aggro,territorial-brown-bear+territorial-brown-bear,Bear's Hollow,9,9,True,headline,10000,10000,0.0,454,91,343.8695,121.354171,204.0,506.0,0.757422,9.478,2.792582,0.1752,3.778786,56.681786,1,1,0.462186
room:territorial-brown-bear+territorial-brown-bear,multi-aggro,multi-aggro,territorial-brown-bear+territorial-brown-bear,Bear's Hollow,9,9,True,bare,10000,10000,0.0,254,51,422.1603,150.238262,246.0,624.0,1.662048,9.4775,2.794046,0.8878,8.277653,124.164794,5,10,0.463656
room:territorial-brown-bear+territorial-brown-bear,multi-aggro,multi-aggro,territorial-brown-bear+territorial-brown-bear,Bear's Hollow,9,9,True,common-weapon,10000,10000,0.0,454,91,366.612,124.935267,222.0,531.0,0.807515,9.9444,2.873588,0.2139,4.028703,60.430549,1,2,0.451631
room:territorial-brown-bear+territorial-brown-bear,multi-aggro,multi-aggro,territorial-brown-bear+territorial-brown-bear,Bear's Hollow,9,10,False,headline,10000,10000,0.0,468,94,216.3562,83.874372,118.0,327.0,0.4623,7.0451,2.029055,0.0084,2.301662,34.524926,0,0,0.561979
room:territorial-brown-bear+territorial-brown-bear,multi-aggro,multi-aggro,territorial-brown-bear+territorial-brown-bear,Bear's Hollow,9,10,False,bare,10000,10000,0.0,268,54,268.3564,105.117448,146.0,406.0,1.00133,7.0798,2.062046,0.45,4.969563,74.543444,2,3,0.559126
room:territorial-brown-bear+territorial-brown-bear,multi-aggro,multi-aggro,territorial-brown-bear+territorial-brown-bear,Bear's Hollow,9,10,False,common-weapon,10000,10000,0.0,468,94,232.8971,88.433103,130.0,348.0,0.497643,7.3937,2.151999,0.0138,2.477629,37.164431,0,0,0.552295
room:prowling-mountain-lion+prowling-mountain-lion+prowling-mountain-lion,multi-aggro,multi-aggro,prowling-mountain-lion+prowling-mountain-lion+prowling-mountain-lion,Lion's Watch,9,5,False,headline,10000,10000,0.0,404,81,8843.0061,2758.13819,5497.0,12516.0,21.888629,137.4232,40.490916,1.0,109.172915,1637.593722,106,342,0.0
room:prowling-mountain-lion+prowling-mountain-lion+prowling-mountain-lion,multi-aggro,multi-aggro,prowling-mountain-lion+prowling-mountain-lion+prowling-mountain-lion,Lion's Watch,9,5,False,bare,10000,10000,0.0,204,41,10861.9474,3380.321425,6768.0,15385.0,53.24484,137.198,40.172334,1.0,264.925546,3973.883195,262,429,0.0
room:prowling-mountain-lion+prowling-mountain-lion+prowling-mountain-lion,multi-aggro,multi-aggro,prowling-mountain-lion+prowling-mountain-lion+prowling-mountain-lion,Lion's Watch,9,5,False,common-weapon,10000,10000,0.0,404,81,9684.6612,2572.533861,6619.0,13127.0,23.971934,150.298,36.83059,1.0,119.563719,1793.455778,116,376,0.0
room:prowling-mountain-lion+prowling-mountain-lion+prowling-mountain-lion,multi-aggro,multi-aggro,prowling-mountain-lion+prowling-mountain-lion+prowling-mountain-lion,Lion's Watch,9,9,True,headline,10000,10000,0.0,454,91,521.0266,163.995953,329.0,739.0,1.147636,12.0165,3.175284,0.6228,5.725567,85.883505,2,8,0.460142
room:prowling-mountain-lion+prowling-mountain-lion+prowling-mountain-lion,multi-aggro,multi-aggro,prowling-mountain-lion+prowling-mountain-lion+prowling-mountain-lion,Lion's Watch,9,9,True,bare,10000,10000,0.0,254,51,642.4864,204.125862,404.0,920.0,2.529474,11.9892,3.173529,0.9959,12.597773,188.966588,9,19,0.461474
room:prowling-mountain-lion+prowling-mountain-lion+prowling-mountain-lion,multi-aggro,multi-aggro,prowling-mountain-lion+prowling-mountain-lion+prowling-mountain-lion,Lion's Watch,9,9,True,common-weapon,10000,10000,0.0,454,91,551.6959,171.877765,352.0,775.0,1.215189,12.4098,3.28966,0.6902,6.062592,90.938885,3,9,0.450805
room:prowling-mountain-lion+prowling-mountain-lion+prowling-mountain-lion,multi-aggro,multi-aggro,prowling-mountain-lion+prowling-mountain-lion+prowling-mountain-lion,Lion's Watch,9,10,False,headline,10000,10000,0.0,468,94,367.8192,116.294738,232.0,521.0,0.785938,9.9621,2.35836,0.1813,3.91297,58.694553,1,1,0.563235
room:prowling-mountain-lion+prowling-mountain-lion+prowling-mountain-lion,multi-aggro,multi-aggro,prowling-mountain-lion+prowling-mountain-lion+prowling-mountain-lion,Lion's Watch,9,10,False,bare,10000,10000,0.0,268,54,455.4925,143.584282,287.0,645.0,1.699599,9.9977,2.381448,0.9299,8.435046,126.525694,5,11,0.559869
room:prowling-mountain-lion+prowling-mountain-lion+prowling-mountain-lion,multi-aggro,multi-aggro,prowling-mountain-lion+prowling-mountain-lion+prowling-mountain-lion,Lion's Watch,9,10,False,common-weapon,10000,10000,0.0,468,94,385.0641,119.600014,245.0,543.0,0.822787,10.1721,2.466553,0.2209,4.096427,61.446399,1,2,0.550663
room:territorial-brown-bear+territorial-brown-bear+territorial-brown-bear,multi-aggro,multi-aggro,territorial-brown-bear+territorial-brown-bear+territorial-brown-bear,Bear's Throne,9,5,False,headline,10000,10000,0.0,404,81,10696.7115,3237.858336,6717.0,15099.0,26.477009,149.189,42.539674,1.0,132.058167,1980.8725,129,416,0.0
room:territorial-brown-bear+territorial-brown-bear+territorial-brown-bear,multi-aggro,multi-aggro,territorial-brown-bear+territorial-brown-bear+territorial-brown-bear,Bear's Throne,9,5,False,bare,10000,10000,0.0,204,41,13022.3854,3995.486467,8150.0,18372.0,63.835223,148.2655,43.02787,1.0,317.619156,4764.287341,314,515,0.0
room:territorial-brown-bear+territorial-brown-bear+territorial-brown-bear,multi-aggro,multi-aggro,territorial-brown-bear+territorial-brown-bear+territorial-brown-bear,Bear's Throne,9,5,False,common-weapon,10000,10000,0.0,404,81,12111.4848,3066.14958,8417.0,16274.0,29.978923,169.6349,39.697151,1.0,149.524504,2242.867556,146,473,0.0
room:territorial-brown-bear+territorial-brown-bear+territorial-brown-bear,multi-aggro,multi-aggro,territorial-brown-bear+territorial-brown-bear+territorial-brown-bear,Bear's Throne,9,9,True,headline,10000,10000,0.0,454,91,687.4203,199.889205,455.0,956.0,1.514142,14.2375,3.452636,0.9016,7.554069,113.311038,4,14,0.461626
room:territorial-brown-bear+territorial-brown-bear+territorial-brown-bear,multi-aggro,multi-aggro,territorial-brown-bear+territorial-brown-bear+territorial-brown-bear,Bear's Throne,9,9,True,bare,10000,10000,0.0,254,51,843.8803,245.729975,554.0,1175.0,3.322363,14.2556,3.467141,0.9997,16.546673,248.200088,13,27,0.460893
room:territorial-brown-bear+territorial-brown-bear+territorial-brown-bear,multi-aggro,multi-aggro,territorial-brown-bear+territorial-brown-bear+territorial-brown-bear,Bear's Throne,9,9,True,common-weapon,10000,10000,0.0,454,91,735.5696,202.294335,498.0,1005.0,1.620197,14.9385,3.493954,0.946,8.083182,121.247736,5,16,0.449456
room:territorial-brown-bear+territorial-brown-bear+territorial-brown-bear,multi-aggro,multi-aggro,territorial-brown-bear+territorial-brown-bear+territorial-brown-bear,Bear's Throne,9,10,False,headline,10000,10000,0.0,468,94,432.8513,135.108618,273.0,611.0,0.924896,10.5471,2.482777,0.3589,4.604801,69.072016,1,4,0.561415
room:territorial-brown-bear+territorial-brown-bear+territorial-brown-bear,multi-aggro,multi-aggro,territorial-brown-bear+territorial-brown-bear+territorial-brown-bear,Bear's Throne,9,10,False,bare,10000,10000,0.0,268,54,535.1357,168.136007,337.0,758.0,1.996775,10.5884,2.534913,0.9707,9.90992,148.648806,7,14,0.558744
room:territorial-brown-bear+territorial-brown-bear+territorial-brown-bear,multi-aggro,multi-aggro,territorial-brown-bear+territorial-brown-bear+territorial-brown-bear,Bear's Throne,9,10,False,common-weapon,10000,10000,0.0,468,94,467.9777,141.656316,299.0,655.0,0.999952,11.1313,2.620889,0.4607,4.978486,74.677293,2,5,0.549343
room:elder-cave-spider+elder-cave-spider,multi-aggro,multi-aggro,elder-cave-spider+elder-cave-spider,The First Descent;The Web Chimney;The Silk Well;The Chitter Hall;The Veined Gallery,7,5,False,headline,10000,10000,0.0,404,81,576.7954,237.213236,312.0,891.0,1.427711,16.066,6.162097,0.7499,7.120931,106.813963,4,11,0.20859
room:elder-cave-spider+elder-cave-spider,multi-aggro,multi-aggro,elder-cave-spider+elder-cave-spider,The First Descent;The Web Chimney;The Silk Well;The Chitter Hall;The Veined Gallery,7,5,False,bare,10000,10000,0.0,204,41,702.7916,281.399014,382.0,1079.0,3.445057,15.97,5.996441,0.9972,17.141259,257.118878,14,22,0.211152
room:elder-cave-spider+elder-cave-spider,multi-aggro,multi-aggro,elder-cave-spider+elder-cave-spider,The First Descent;The Web Chimney;The Silk Well;The Chitter Hall;The Veined Gallery,7,5,False,common-weapon,10000,10000,0.0,404,81,621.8252,242.878918,344.0,941.0,1.539171,17.2186,6.345125,0.8144,7.676854,115.152815,4,13,0.198982
room:elder-cave-spider+elder-cave-spider,multi-aggro,multi-aggro,elder-cave-spider+elder-cave-spider,The First Descent;The Web Chimney;The Silk Well;The Chitter Hall;The Veined Gallery,7,7,True,headline,10000,10000,0.0,429,86,209.3803,83.438544,118.0,320.0,0.488066,7.949,2.592682,0.017,2.434655,36.51982,0,0,0.460888
room:elder-cave-spider+elder-cave-spider,multi-aggro,multi-aggro,elder-cave-spider+elder-cave-spider,The First Descent;The Web Chimney;The Silk Well;The Chitter Hall;The Veined Gallery,7,7,True,bare,10000,10000,0.0,229,46,256.4073,99.828721,143.0,391.0,1.119683,7.9119,2.546201,0.5614,5.574072,83.611076,2,4,0.463214
room:elder-cave-spider+elder-cave-spider,multi-aggro,multi-aggro,elder-cave-spider+elder-cave-spider,The First Descent;The Web Chimney;The Silk Well;The Chitter Hall;The Veined Gallery,7,7,True,common-weapon,10000,10000,0.0,429,86,218.3131,82.357585,124.0,329.0,0.508888,8.1306,2.621821,0.0178,2.538524,38.077866,0,0,0.449536
room:elder-cave-spider+elder-cave-spider,multi-aggro,multi-aggro,elder-cave-spider+elder-cave-spider,The First Descent;The Web Chimney;The Silk Well;The Chitter Hall;The Veined Gallery,7,10,False,headline,10000,10000,0.0,468,94,59.3157,31.390276,22.0,101.0,0.126743,4.5136,0.806731,0.0,0.631018,9.465271,0,0,0.810683
room:elder-cave-spider+elder-cave-spider,multi-aggro,multi-aggro,elder-cave-spider+elder-cave-spider,The First Descent;The Web Chimney;The Silk Well;The Chitter Hall;The Veined Gallery,7,10,False,bare,10000,10000,0.0,268,54,73.1761,38.316794,27.0,124.0,0.273045,4.5021,0.804857,0.0001,1.355113,20.326694,0,0,0.812488
room:elder-cave-spider+elder-cave-spider,multi-aggro,multi-aggro,elder-cave-spider+elder-cave-spider,The First Descent;The Web Chimney;The Silk Well;The Chitter Hall;The Veined Gallery,7,10,False,common-weapon,10000,10000,0.0,468,94,64.4342,31.869501,24.0,106.0,0.13768,4.653,0.853341,0.0,0.68547,10.282053,0,0,0.79798
room:elder-cave-centipede+elder-cave-centipede,multi-aggro,multi-aggro,elder-cave-centipede+elder-cave-centipede,The Under Gallery;The Falling Gallery;The Molt Chamber;The Egg Vault;The Rising Dark;The Upper Dark,8,5,False,headline,10000,10000,0.0,404,81,1675.2148,669.497206,896.0,2574.0,4.146571,37.077,14.09266,0.9986,20.681664,310.224963,17,55,0.059085
room:elder-cave-centipede+elder-cave-centipede,multi-aggro,multi-aggro,elder-cave-centipede+elder-cave-centipede,The Under Gallery;The Falling Gallery;The Molt Chamber;The Egg Vault;The Rising Dark;The Upper Dark,8,5,False,bare,10000,10000,0.0,204,41,2066.1681,815.237845,1116.0,3142.0,10.128275,37.1756,13.918354,1.0,50.394344,755.915159,47,77,0.059308
room:elder-cave-centipede+elder-cave-centipede,multi-aggro,multi-aggro,elder-cave-centipede+elder-cave-centipede,The Under Gallery;The Falling Gallery;The Molt Chamber;The Egg Vault;The Rising Dark;The Upper Dark,8,5,False,common-weapon,10000,10000,0.0,404,81,1831.2134,654.157771,1064.0,2714.0,4.532706,40.5537,13.717657,0.9999,22.607573,339.113593,19,62,0.049902
room:elder-cave-centipede+elder-cave-centipede,multi-aggro,multi-aggro,elder-cave-centipede+elder-cave-centipede,The Under Gallery;The Falling Gallery;The Molt Chamber;The Egg Vault;The Rising Dark;The Upper Dark,8,8,True,headline,10000,10000,0.0,443,89,289.891,113.829338,162.0,442.0,0.654381,8.7473,2.981047,0.0999,3.257202,48.858034,0,0,0.413156
room:elder-cave-centipede+elder-cave-centipede,multi-aggro,multi-aggro,elder-cave-centipede+elder-cave-centipede,The Under Gallery;The Falling Gallery;The Molt Chamber;The Egg Vault;The Rising Dark;The Upper Dark,8,8,True,bare,10000,10000,0.0,243,49,355.5412,137.879129,200.0,536.0,1.463133,8.7263,2.930356,0.7957,7.255943,108.839143,4,7,0.413898
room:elder-cave-centipede+elder-cave-centipede,multi-aggro,multi-aggro,elder-cave-centipede+elder-cave-centipede,The Under Gallery;The Falling Gallery;The Molt Chamber;The Egg Vault;The Rising Dark;The Upper Dark,8,8,True,common-weapon,10000,10000,0.0,443,89,304.7054,116.603253,171.0,463.0,0.687823,9.0063,3.046877,0.1229,3.423656,51.354843,0,0,0.399276
room:elder-cave-centipede+elder-cave-centipede,multi-aggro,multi-aggro,elder-cave-centipede+elder-cave-centipede,The Under Gallery;The Falling Gallery;The Molt Chamber;The Egg Vault;The Rising Dark;The Upper Dark,8,10,False,headline,10000,10000,0.0,468,94,123.9363,52.26572,61.0,192.0,0.264821,5.6872,1.434418,0.0,1.318471,19.777069,0,0,0.664246
room:elder-cave-centipede+elder-cave-centipede,multi-aggro,multi-aggro,elder-cave-centipede+elder-cave-centipede,The Under Gallery;The Falling Gallery;The Molt Chamber;The Egg Vault;The Rising Dark;The Upper Dark,8,10,False,bare,10000,10000,0.0,268,54,153.1926,64.351594,76.0,239.0,0.571614,5.6955,1.417455,0.05,2.8369,42.5535,0,0,0.66384
room:elder-cave-centipede+elder-cave-centipede,multi-aggro,multi-aggro,elder-cave-centipede+elder-cave-centipede,The Under Gallery;The Falling Gallery;The Molt Chamber;The Egg Vault;The Rising Dark;The Upper Dark,8,10,False,common-weapon,10000,10000,0.0,468,94,131.9963,53.621329,68.0,202.0,0.282043,5.827,1.458791,0.0,1.404216,21.063239,0,0,0.647881
room:elder-cave-beetle+elder-cave-beetle,multi-aggro,multi-aggro,elder-cave-beetle+elder-cave-beetle,The Cold Ladder;The Thousand Steps;The Hollow Stair;The Glittering Seam;The Wingway;The Deep Turn;The Devourer's Approach,9,5,False,headline,10000,10000,0.0,404,81,4518.0379,1615.272543,2603.0,6688.0,11.183262,91.011,30.977787,1.0,55.778246,836.673685,53,169,0.0
room:elder-cave-beetle+elder-cave-beetle,multi-aggro,multi-aggro,elder-cave-beetle+elder-cave-beetle,The Cold Ladder;The Thousand Steps;The Hollow Stair;The Glittering Seam;The Wingway;The Deep Turn;The Devourer's Approach,9,5,False,bare,10000,10000,0.0,204,41,5653.2105,2004.416152,3273.0,8334.0,27.711816,92.4425,31.38871,1.0,137.883183,2068.247744,135,221,0.0
room:elder-cave-beetle+elder-cave-beetle,multi-aggro,multi-aggro,elder-cave-beetle+elder-cave-beetle,The Cold Ladder;The Thousand Steps;The Hollow Stair;The Glittering Seam;The Wingway;The Deep Turn;The Devourer's Approach,9,5,False,common-weapon,10000,10000,0.0,404,81,4964.6157,1576.353994,3116.0,7080.0,12.288653,99.8823,30.252168,1.0,61.291552,919.373278,58,187,0.0
room:elder-cave-beetle+elder-cave-beetle,multi-aggro,multi-aggro,elder-cave-beetle+elder-cave-beetle,The Cold Ladder;The Thousand Steps;The Hollow Stair;The Glittering Seam;The Wingway;The Deep Turn;The Devourer's Approach,9,9,True,headline,10000,10000,0.0,454,91,266.6025,102.477635,149.0,404.0,0.58723,7.968,2.549113,0.0532,2.929698,43.945467,0,0,0.463855
room:elder-cave-beetle+elder-cave-beetle,multi-aggro,multi-aggro,elder-cave-beetle+elder-cave-beetle,The Cold Ladder;The Thousand Steps;The Hollow Stair;The Glittering Seam;The Wingway;The Deep Turn;The Devourer's Approach,9,9,True,bare,10000,10000,0.0,254,51,332.0756,129.495888,185.0,507.0,1.307384,8.048,2.595168,0.7002,6.511286,97.669294,3,6,0.45835
room:elder-cave-beetle+elder-cave-beetle,multi-aggro,multi-aggro,elder-cave-beetle+elder-cave-beetle,The Cold Ladder;The Thousand Steps;The Hollow Stair;The Glittering Seam;The Wingway;The Deep Turn;The Devourer's Approach,9,9,True,common-weapon,10000,10000,0.0,454,91,282.0268,107.276104,159.0,425.0,0.621204,8.2649,2.646607,0.0708,3.099196,46.487934,0,0,0.45156
room:elder-cave-beetle+elder-cave-beetle,multi-aggro,multi-aggro,elder-cave-beetle+elder-cave-beetle,The Cold Ladder;The Thousand Steps;The Hollow Stair;The Glittering Seam;The Wingway;The Deep Turn;The Devourer's Approach,9,10,False,headline,10000,10000,0.0,468,94,190.9374,75.629082,103.0,290.0,0.407986,6.6981,1.979534,0.0038,2.031249,30.468734,0,0,0.558427
room:elder-cave-beetle+elder-cave-beetle,multi-aggro,multi-aggro,elder-cave-beetle+elder-cave-beetle,The Cold Ladder;The Thousand Steps;The Hollow Stair;The Glittering Seam;The Wingway;The Deep Turn;The Devourer's Approach,9,10,False,bare,10000,10000,0.0,268,54,233.2305,92.104109,126.0,354.0,0.870263,6.6591,1.927249,0.3146,4.319083,64.78625,1,2,0.561652
room:elder-cave-beetle+elder-cave-beetle,multi-aggro,multi-aggro,elder-cave-beetle+elder-cave-beetle,The Cold Ladder;The Thousand Steps;The Hollow Stair;The Glittering Seam;The Wingway;The Deep Turn;The Devourer's Approach,9,10,False,common-weapon,10000,10000,0.0,468,94,199.3066,76.453968,110.0,301.0,0.425869,6.8026,1.990737,0.0036,2.120283,31.804245,0,0,0.549231
room:elder-cave-beetle+elder-cave-centipede,multi-aggro,multi-aggro,elder-cave-beetle+elder-cave-centipede,The Black Span;The King's Approach;The Last Dark,9,5,False,headline,10000,10000,0.0,404,81,2683.784,957.46024,1570.0,3969.0,6.64303,64.0865,23.592063,1.0,33.133136,496.997037,30,96,0.017132
room:elder-cave-beetle+elder-cave-centipede,multi-aggro,multi-aggro,elder-cave-beetle+elder-cave-centipede,The Black Span;The King's Approach;The Last Dark,9,5,False,bare,10000,10000,0.0,204,41,3304.4167,1168.880646,1912.0,4870.0,16.198121,64.2001,23.489241,1.0,80.595529,1208.932939,77,127,0.017188
room:elder-cave-beetle+elder-cave-centipede,multi-aggro,multi-aggro,elder-cave-beetle+elder-cave-centipede,The Black Span;The King's Approach;The Last Dark,9,5,False,common-weapon,10000,10000,0.0,404,81,2944.4243,945.024194,1825.0,4203.0,7.288179,70.3398,23.447169,1.0,36.350917,545.263759,33,106,0.014622
room:elder-cave-beetle+elder-cave-centipede,multi-aggro,multi-aggro,elder-cave-beetle+elder-cave-centipede,The Black Span;The King's Approach;The Last Dark,9,9,True,headline,10000,10000,0.0,454,91,220.1838,83.111076,126.0,330.0,0.484986,7.2844,2.295194,0.0134,2.419602,36.294033,0,0,0.510571
room:elder-cave-beetle+elder-cave-centipede,multi-aggro,multi-aggro,elder-cave-beetle+elder-cave-centipede,The Black Span;The King's Approach;The Last Dark,9,9,True,bare,10000,10000,0.0,254,51,272.3355,101.318595,155.0,409.0,1.072187,7.3166,2.282053,0.5216,5.339912,80.098676,2,4,0.508857
room:elder-cave-beetle+elder-cave-centipede,multi-aggro,multi-aggro,elder-cave-beetle+elder-cave-centipede,The Black Span;The King's Approach;The Last Dark,9,9,True,common-weapon,10000,10000,0.0,454,91,232.8217,85.035364,133.0,345.0,0.512823,7.5484,2.369442,0.0153,2.55848,38.377203,0,0,0.493734
room:elder-cave-beetle+elder-cave-centipede,multi-aggro,multi-aggro,elder-cave-beetle+elder-cave-centipede,The Black Span;The King's Approach;The Last Dark,9,10,False,headline,10000,10000,0.0,468,94,159.0665,61.473514,86.0,240.0,0.339886,6.1817,1.733633,0.0,1.692197,25.382952,0,0,0.60739
room:elder-cave-beetle+elder-cave-centipede,multi-aggro,multi-aggro,elder-cave-beetle+elder-cave-centipede,The Black Span;The King's Approach;The Last Dark,9,10,False,bare,10000,10000,0.0,268,54,194.7589,75.761015,106.0,295.0,0.726712,6.1711,1.686305,0.1634,3.606646,54.099694,0,0,0.609
room:elder-cave-beetle+elder-cave-centipede,multi-aggro,multi-aggro,elder-cave-beetle+elder-cave-centipede,The Black Span;The King's Approach;The Last Dark,9,10,False,common-weapon,10000,10000,0.0,468,94,166.0492,61.685859,92.0,248.0,0.354806,6.2964,1.729378,0.0001,1.766481,26.497213,0,0,0.597595
room:elder-cave-centipede+elder-cave-spider,multi-aggro,multi-aggro,elder-cave-centipede+elder-cave-spider,The Deep Landing;The Fallen Shaft,8,5,False,headline,10000,10000,0.0,404,81,989.0125,371.023963,555.0,1492.0,2.448051,26.467,10.403899,0.9768,12.210031,183.150463,9,28,0.105123
room:elder-cave-centipede+elder-cave-spider,multi-aggro,multi-aggro,elder-cave-centipede+elder-cave-spider,The Deep Landing;The Fallen Shaft,8,5,False,bare,10000,10000,0.0,204,41,1212.7901,460.879746,673.0,1832.0,5.94505,26.3757,10.502692,1.0,29.580246,443.703695,26,43,0.105764
room:elder-cave-centipede+elder-cave-spider,multi-aggro,multi-aggro,elder-cave-centipede+elder-cave-spider,The Deep Landing;The Fallen Shaft,8,5,False,common-weapon,10000,10000,0.0,404,81,1080.0431,384.284799,624.0,1594.0,2.673374,28.9024,10.814762,0.9896,13.333865,200.007981,10,32,0.09439
room:elder-cave-centipede+elder-cave-spider,multi-aggro,multi-aggro,elder-cave-centipede+elder-cave-spider,The Deep Landing;The Fallen Shaft,8,8,True,headline,10000,10000,0.0,443,89,219.6096,80.080456,128.0,327.0,0.495733,7.7004,2.523894,0.0125,2.467524,37.012854,0,0,0.476586
room:elder-cave-centipede+elder-cave-spider,multi-aggro,multi-aggro,elder-cave-centipede+elder-cave-spider,The Deep Landing;The Fallen Shaft,8,8,True,bare,10000,10000,0.0,243,49,270.5236,98.622388,156.0,404.0,1.113266,7.7002,2.508211,0.5655,5.52089,82.813347,2,4,0.47804
room:elder-cave-centipede+elder-cave-spider,multi-aggro,multi-aggro,elder-cave-centipede+elder-cave-spider,The Deep Landing;The Fallen Shaft,8,8,True,common-weapon,10000,10000,0.0,443,89,229.2797,81.155026,135.0,339.0,0.517561,7.8685,2.573054,0.0143,2.576176,38.642646,0,0,0.465273
room:elder-cave-centipede+elder-cave-spider,multi-aggro,multi-aggro,elder-cave-centipede+elder-cave-spider,The Deep Landing;The Fallen Shaft,8,10,False,headline,10000,10000,0.0,468,94,94.13,40.709329,44.0,148.0,0.201132,5.1187,1.194408,0.0,1.001383,15.020745,0,0,0.725379
room:elder-cave-centipede+elder-cave-spider,multi-aggro,multi-aggro,elder-cave-centipede+elder-cave-spider,The Deep Landing;The Fallen Shaft,8,10,False,bare,10000,10000,0.0,268,54,116.2956,49.60582,55.0,181.0,0.433939,5.1067,1.158583,0.0041,2.153622,32.304333,0,0,0.727554
room:elder-cave-centipede+elder-cave-spider,multi-aggro,multi-aggro,elder-cave-centipede+elder-cave-spider,The Deep Landing;The Fallen Shaft,8,10,False,common-weapon,10000,10000,0.0,468,94,99.2006,41.329889,49.0,153.0,0.211967,5.1989,1.174878,0.0,1.055326,15.829883,0,0,0.720152
boss:undercrag-weaver,boss-group,boss,undercrag-weaver+weavers-brood+weavers-brood,The Weaver's Vault,8,5,False,headline,10000,10000,0.0,404,81,1343.103,403.901658,857.0,1888.0,3.324512,41.5171,13.51578,0.9998,16.581519,248.722778,13,42,0.118561
boss:undercrag-weaver,boss-group,boss,undercrag-weaver+weavers-brood+weavers-brood,The Weaver's Vault,8,5,False,bare,10000,10000,0.0,204,41,1652.4178,495.729571,1060.0,2305.0,8.100087,41.4439,13.470436,1.0,40.302873,604.543098,37,60,0.118379
boss:undercrag-weaver,boss-group,boss,undercrag-weaver+weavers-brood+weavers-brood,The Weaver's Vault,8,5,False,common-weapon,10000,10000,0.0,404,81,1440.9618,397.784782,967.0,1978.0,3.566737,44.6728,13.401311,1.0,17.789652,266.844778,15,46,0.105102
boss:undercrag-weaver,boss-group,boss,undercrag-weaver+weavers-brood+weavers-brood,The Weaver's Vault,8,8,True,headline,10000,10000,0.0,443,89,319.4891,84.09289,218.0,431.0,0.721194,12.6838,2.99987,0.0803,3.589765,53.846478,0,0,0.518283
boss:undercrag-weaver,boss-group,boss,undercrag-weaver+weavers-brood+weavers-brood,The Weaver's Vault,8,8,True,bare,10000,10000,0.0,243,49,391.1742,102.601349,270.0,529.0,1.60977,12.6498,3.007185,0.9492,7.983147,119.747204,5,9,0.520712
boss:undercrag-weaver,boss-group,boss,undercrag-weaver+weavers-brood+weavers-brood,The Weaver's Vault,8,8,True,common-weapon,10000,10000,0.0,443,89,336.8328,84.626833,235.0,449.0,0.760345,13.128,3.087882,0.1115,3.784638,56.769573,1,1,0.5047
boss:undercrag-weaver,boss-group,boss,undercrag-weaver+weavers-brood+weavers-brood,The Weaver's Vault,8,10,False,headline,10000,10000,0.0,468,94,131.4983,45.540999,74.0,192.0,0.280979,8.3452,1.395363,0.0,1.398918,20.983771,0,0,0.784499
boss:undercrag-weaver,boss-group,boss,undercrag-weaver+weavers-brood+weavers-brood,The Weaver's Vault,8,10,False,bare,10000,10000,0.0,268,54,163.2107,55.761023,93.0,236.0,0.608995,8.3349,1.399694,0.0369,3.02242,45.336306,0,0,0.786932
boss:undercrag-weaver,boss-group,boss,undercrag-weaver+weavers-brood+weavers-brood,The Weaver's Vault,8,10,False,common-weapon,10000,10000,0.0,468,94,142.5226,45.536542,86.0,202.0,0.304535,8.6029,1.419088,0.0,1.516198,22.742968,0,0,0.774564
room:elder-cave-beetle+elder-cave-spider,multi-aggro,multi-aggro,elder-cave-beetle+elder-cave-spider,The Long Crawl,9,5,False,headline,10000,10000,0.0,404,81,1973.8267,740.725054,1115.0,2982.0,4.88571,53.8889,21.396335,1.0,24.368231,365.523463,21,67,0.031151
room:elder-cave-beetle+elder-cave-spider,multi-aggro,multi-aggro,elder-cave-beetle+elder-cave-spider,The Long Crawl,9,5,False,bare,10000,10000,0.0,204,41,2422.9898,927.442731,1352.0,3658.0,11.877401,53.8144,21.705841,1.0,59.097312,886.459683,56,91,0.031423
room:elder-cave-beetle+elder-cave-spider,multi-aggro,multi-aggro,elder-cave-beetle+elder-cave-spider,The Long Crawl,9,5,False,common-weapon,10000,10000,0.0,404,81,2162.1988,760.990144,1282.0,3173.0,5.351977,59.0266,22.011903,1.0,26.693812,400.407185,23,75,0.029045
room:elder-cave-beetle+elder-cave-spider,multi-aggro,multi-aggro,elder-cave-beetle+elder-cave-spider,The Long Crawl,9,9,True,headline,10000,10000,0.0,454,91,177.7424,64.110843,103.0,263.0,0.391503,6.6444,1.996584,0.0008,1.953213,29.298198,0,0,0.562248
room:elder-cave-beetle+elder-cave-spider,multi-aggro,multi-aggro,elder-cave-beetle+elder-cave-spider,The Long Crawl,9,9,True,bare,10000,10000,0.0,254,51,218.5365,79.115339,125.0,324.0,0.86038,6.6403,2.017849,0.2927,4.285029,64.275441,1,2,0.56261
room:elder-cave-beetle+elder-cave-spider,multi-aggro,multi-aggro,elder-cave-beetle+elder-cave-spider,The Long Crawl,9,9,True,common-weapon,10000,10000,0.0,454,91,188.8778,67.851192,109.0,279.0,0.41603,6.9014,2.141373,0.0017,2.07558,31.133703,0,0,0.546599
room:elder-cave-beetle+elder-cave-spider,multi-aggro,multi-aggro,elder-cave-beetle+elder-cave-spider,The Long Crawl,9,10,False,headline,10000,10000,0.0,468,94,125.176,48.919696,66.0,190.0,0.26747,5.5781,1.474144,0.0,1.33166,19.974894,0,0,0.66399
room:elder-cave-beetle+elder-cave-spider,multi-aggro,multi-aggro,elder-cave-beetle+elder-cave-spider,The Long Crawl,9,10,False,bare,10000,10000,0.0,268,54,154.6726,61.039228,80.0,233.0,0.577137,5.5793,1.481591,0.0453,2.864307,42.964611,0,0,0.661821
room:elder-cave-beetle+elder-cave-spider,multi-aggro,multi-aggro,elder-cave-beetle+elder-cave-spider,The Long Crawl,9,10,False,common-weapon,10000,10000,0.0,468,94,132.0478,49.582653,72.0,198.0,0.282153,5.7284,1.530044,0.0,1.404764,21.071457,0,0,0.649169
boss:chittering-king,boss-group,boss,chittering-king+kings-skitterlings+kings-skitterlings,The Chittering Throne,9,5,False,headline,10000,10000,0.0,404,81,3754.1396,1094.04684,2395.0,5224.0,9.292425,113.2958,33.697681,1.0,46.347402,695.211037,43,139,0.012487
boss:chittering-king,boss-group,boss,chittering-king+kings-skitterlings+kings-skitterlings,The Chittering Throne,9,5,False,bare,10000,10000,0.0,204,41,4607.2854,1346.803265,2943.0,6412.0,22.584732,113.4747,34.314128,1.0,112.372815,1685.59222,109,179,0.01253
boss:chittering-king,boss-group,boss,chittering-king+kings-skitterlings+kings-skitterlings,The Chittering Throne,9,5,False,common-weapon,10000,10000,0.0,404,81,4117.9144,1032.176646,2882.0,5496.0,10.192857,125.2159,32.364553,1.0,50.838449,762.576741,48,153,0.010304
boss:chittering-king,boss-group,boss,chittering-king+kings-skitterlings+kings-skitterlings,The Chittering Throne,9,9,True,headline,10000,10000,0.0,454,91,309.8726,93.643753,200.0,434.0,0.682539,12.4189,3.04247,0.0749,3.405193,51.077901,0,0,0.500374
boss:chittering-king,boss-group,boss,chittering-king+kings-skitterlings+kings-skitterlings,The Chittering Throne,9,9,True,bare,10000,10000,0.0,254,51,382.0688,115.085025,244.0,533.0,1.504208,12.4874,3.052776,0.8783,7.491545,112.373176,4,8,0.497654
boss:chittering-king,boss-group,boss,chittering-king+kings-skitterlings+kings-skitterlings,The Chittering Throne,9,9,True,common-weapon,10000,10000,0.0,454,91,331.5766,95.508959,218.0,458.0,0.730345,12.9086,3.126635,0.1068,3.643699,54.655484,0,0,0.49058
boss:chittering-king,boss-group,boss,chittering-king+kings-skitterlings+kings-skitterlings,The Chittering Throne,9,10,False,headline,10000,10000,0.0,468,94,201.2046,65.43081,122.0,287.0,0.429924,9.7738,2.245447,0.0005,2.140474,32.107117,0,0,0.599583
boss:chittering-king,boss-group,boss,chittering-king+kings-skitterlings+kings-skitterlings,The Chittering Throne,9,10,False,bare,10000,10000,0.0,268,54,248.6258,81.445605,150.0,357.0,0.927708,9.7786,2.239862,0.3753,4.604181,69.062722,1,2,0.597161
boss:chittering-king,boss-group,boss,chittering-king+kings-skitterlings+kings-skitterlings,The Chittering Throne,9,10,False,common-weapon,10000,10000,0.0,468,94,220.3591,68.929587,138.0,311.0,0.470853,10.315,2.363424,0.002,2.344246,35.163686,0,0,0.581551
boss:crowned-devourer,boss-group,boss,crowned-devourer+devourers-drones+devourers-drones,The Devourer's Hoard,10,5,False,headline,10000,2481,0.7519,404,81,9917.320838,2356.13534,6974.0,13058.0,24.547824,282.212414,70.99891,1.0,122.43606,1836.540896,119,385,0.0
boss:crowned-devourer,boss-group,boss,crowned-devourer+devourers-drones+devourers-drones,The Devourer's Hoard,10,5,False,bare,10000,2561,0.7439,204,41,12251.93362,2867.201766,8782.0,16009.0,60.058498,283.762202,70.722213,1.0,298.827649,4482.414739,296,484,0.0
boss:crowned-devourer,boss-group,boss,crowned-devourer+devourers-drones+devourers-drones,The Devourer's Hoard,10,5,False,common-weapon,10000,0,1.0,404,,,,,,,,,,,,,,
boss:crowned-devourer,boss-group,boss,crowned-devourer+devourers-drones+devourers-drones,The Devourer's Hoard,10,10,True,headline,10000,10000,0.0,468,94,415.6716,109.183686,286.0,560.0,0.888187,14.9016,3.223681,0.2863,4.422038,66.330574,1,3,0.498685
boss:crowned-devourer,boss-group,boss,crowned-devourer+devourers-drones+devourers-drones,The Devourer's Hoard,10,10,True,bare,10000,10000,0.0,268,54,512.4699,131.850337,357.0,686.0,1.912201,14.9276,3.216202,0.987,9.490183,142.35275,6,13,0.496939
boss:crowned-devourer,boss-group,boss,crowned-devourer+devourers-drones+devourers-drones,The Devourer's Hoard,10,10,True,common-weapon,10000,10000,0.0,468,94,434.3506,106.244021,308.0,576.0,0.9281,15.2825,3.234238,0.3428,4.620751,69.311266,1,4,0.489691
